Date,Prix,Variation 24h
2013-01-28,1 BTC = 13.05000000€,0%
2013-01-29,1 BTC = 13.20000000€,1.14%
2013-01-30,1 BTC = 13.79000000€,4.28%
2013-01-31,1 BTC = 14.56000000€,5.29%
2013-02-01,1 BTC = 14.75000000€,1.29%
2013-02-02,1 BTC = 15.35000000€,3.91%
2013-02-03,1 BTC = 15.10000000€,-1.66%
2013-02-04,1 BTC = 14.37000000€,-5.08%
2013-02-05,1 BTC = 14.76000000€,2.64%
2013-02-06,1 BTC = 15.02000000€,1.73%
2013-02-07,1 BTC = 15.20000000€,1.18%
2013-02-08,1 BTC = 15.84000000€,4.04%
2013-02-09,1 BTC = 16.26000000€,2.58%
2013-02-10,1 BTC = 16.85000000€,3.5%
2013-02-11,1 BTC = 17.44000000€,3.38%
2013-02-12,1 BTC = 17.47000000€,0.17%
2013-02-13,1 BTC = 18.00000000€,2.94%
2013-02-14,1 BTC = 18.71000000€,3.79%
2013-02-15,1 BTC = 18.43000000€,-1.52%
2013-02-16,1 BTC = 20.12000000€,8.4%
2013-02-17,1 BTC = 20.20000000€,0.4%
2013-02-18,1 BTC = 20.44000000€,1.17%
2013-02-19,1 BTC = 20.18000000€,-1.29%
2013-02-20,1 BTC = 20.34000000€,0.79%
2013-02-21,1 BTC = 22.26000000€,8.63%
2013-02-22,1 BTC = 22.50000000€,1.07%
2013-02-23,1 BTC = 22.51000000€,0.04%
2013-02-24,1 BTC = 23.00000000€,2.13%
2013-02-25,1 BTC = 22.68000000€,-1.41%
2013-02-26,1 BTC = 22.66000000€,-0.09%
2013-02-27,1 BTC = 23.21000000€,2.37%
2013-02-28,1 BTC = 24.00000000€,3.29%
2013-03-01,1 BTC = 23.50000000€,-2.13%
2013-03-02,1 BTC = 25.64000000€,8.35%
2013-03-03,1 BTC = 26.70000000€,3.97%
2013-03-04,1 BTC = 26.97000000€,1%
2013-03-05,1 BTC = 26.90000000€,-0.26%
2013-03-06,1 BTC = 28.23000000€,4.71%
2013-03-07,1 BTC = 31.47000000€,10.3%
2013-03-08,1 BTC = 32.31000000€,2.6%
2013-03-09,1 BTC = 31.57000000€,-2.34%
2013-03-10,1 BTC = 33.59000000€,6.01%
2013-03-11,1 BTC = 35.80000000€,6.17%
2013-03-12,1 BTC = 35.70000000€,-0.28%
2013-03-13,1 BTC = 37.15000000€,3.9%
2013-03-14,1 BTC = 33.18000000€,-11.97%
2013-03-15,1 BTC = 36.42000000€,8.9%
2013-03-16,1 BTC = 36.52000000€,0.27%
2013-03-17,1 BTC = 36.40000000€,-0.33%
2013-03-18,1 BTC = 36.50000000€,0.27%
2013-03-19,1 BTC = 36.65000000€,0.41%
2013-03-20,1 BTC = 39.50000000€,7.22%
2013-03-21,1 BTC = 46.00000000€,14.13%
2013-03-22,1 BTC = 49.82000000€,7.67%
2013-03-23,1 BTC = 56.00000000€,11.04%
2013-03-24,1 BTC = 53.97000000€,-3.76%
2013-03-25,1 BTC = 49.65000000€,-8.7%
2013-03-26,1 BTC = 55.15000000€,9.97%
2013-03-27,1 BTC = 56.75000000€,2.82%
2013-03-28,1 BTC = 60.93000000€,6.86%
2013-03-29,1 BTC = 69.25000000€,12.01%
2013-03-30,1 BTC = 70.63000000€,1.95%
2013-03-31,1 BTC = 70.86000000€,0.32%
2013-04-01,1 BTC = 72.27000000€,1.95%
2013-04-02,1 BTC = 73.74000000€,1.99%
2013-04-03,1 BTC = 80.77000000€,8.7%
2013-04-04,1 BTC = 92.19000000€,12.39%
2013-04-05,1 BTC = 102.99000000€,10.49%
2013-04-06,1 BTC = 104.00000000€,0.97%
2013-04-07,1 BTC = 108.50000000€,4.15%
2013-04-08,1 BTC = 111.97000000€,3.1%
2013-04-09,1 BTC = 127.16000000€,11.95%
2013-04-10,1 BTC = 143.63000000€,11.47%
2013-04-11,1 BTC = 180.10000000€,20.25%
2013-04-12,1 BTC = 127.01000000€,-41.8%
2013-04-13,1 BTC = 92.00000000€,-38.05%
2013-04-14,1 BTC = 88.00000000€,-4.55%
2013-04-15,1 BTC = 71.00000000€,-23.94%
2013-04-16,1 BTC = 67.40000000€,-5.34%
2013-04-17,1 BTC = 63.00000000€,-6.98%
2013-04-18,1 BTC = 51.10000000€,-23.29%
2013-04-19,1 BTC = 71.50000000€,28.53%
2013-04-20,1 BTC = 82.50000000€,13.33%
2013-04-21,1 BTC = 91.51000000€,9.85%
2013-04-22,1 BTC = 98.15000000€,6.77%
2013-04-23,1 BTC = 92.00000000€,-6.68%
2013-04-24,1 BTC = 95.00000000€,3.16%
2013-04-25,1 BTC = 109.68000000€,13.38%
2013-04-26,1 BTC = 119.00000000€,7.83%
2013-04-27,1 BTC = 108.80000000€,-9.38%
2013-04-28,1 BTC = 105.00000000€,-3.62%
2013-04-29,1 BTC = 100.70000000€,-4.27%
2013-04-30,1 BTC = 104.00000000€,3.17%
2013-05-01,1 BTC = 109.00000000€,4.59%
2013-05-02,1 BTC = 105.55000000€,-3.27%
2013-05-03,1 BTC = 90.00000000€,-17.28%
2013-05-04,1 BTC = 81.18000000€,-10.86%
2013-05-05,1 BTC = 75.00000000€,-8.24%
2013-05-06,1 BTC = 84.49000000€,11.23%
2013-05-07,1 BTC = 88.33000000€,4.35%
2013-05-08,1 BTC = 85.04000000€,-3.87%
2013-05-09,1 BTC = 85.00000000€,-0.05%
2013-05-10,1 BTC = 85.00000000€,0%
2013-05-11,1 BTC = 85.30000000€,0.35%
2013-05-12,1 BTC = 88.11000000€,3.19%
2013-05-13,1 BTC = 90.00000000€,2.1%
2013-05-14,1 BTC = 89.80000000€,-0.22%
2013-05-15,1 BTC = 90.09000000€,0.32%
2013-05-16,1 BTC = 86.01000000€,-4.74%
2013-05-17,1 BTC = 87.95000000€,2.21%
2013-05-18,1 BTC = 91.11000000€,3.47%
2013-05-19,1 BTC = 93.10000000€,2.14%
2013-05-20,1 BTC = 93.65000000€,0.59%
2013-05-21,1 BTC = 93.90000000€,0.27%
2013-05-22,1 BTC = 92.50000000€,-1.51%
2013-05-23,1 BTC = 93.28000000€,0.84%
2013-05-24,1 BTC = 94.41000000€,1.2%
2013-05-25,1 BTC = 96.00000000€,1.66%
2013-05-26,1 BTC = 102.00000000€,5.88%
2013-05-27,1 BTC = 101.00000000€,-0.99%
2013-05-28,1 BTC = 102.29000000€,1.26%
2013-05-29,1 BTC = 101.50000000€,-0.78%
2013-05-30,1 BTC = 99.80000000€,-1.7%
2013-05-31,1 BTC = 102.00000000€,2.16%
2013-06-01,1 BTC = 99.60000000€,-2.41%
2013-06-02,1 BTC = 99.57000000€,-0.03%
2013-06-03,1 BTC = 100.00000000€,0.43%
2013-06-04,1 BTC = 95.49000000€,-4.72%
2013-06-05,1 BTC = 94.00000000€,-1.59%
2013-06-06,1 BTC = 95.00000000€,1.05%
2013-06-07,1 BTC = 93.25000000€,-1.88%
2013-06-08,1 BTC = 92.74000000€,-0.55%
2013-06-09,1 BTC = 87.00000000€,-6.6%
2013-06-10,1 BTC = 82.31000000€,-5.7%
2013-06-11,1 BTC = 76.49000000€,-7.61%
2013-06-12,1 BTC = 80.74000000€,5.26%
2013-06-13,1 BTC = 83.44000000€,3.24%
2013-06-14,1 BTC = 82.73000000€,-0.86%
2013-06-15,1 BTC = 77.53000000€,-6.71%
2013-06-16,1 BTC = 75.90000000€,-2.15%
2013-06-17,1 BTC = 75.20000000€,-0.93%
2013-06-18,1 BTC = 74.65000000€,-0.74%
2013-06-19,1 BTC = 76.79000000€,2.79%
2013-06-20,1 BTC = 80.07000000€,4.1%
2013-06-21,1 BTC = 80.12000000€,0.06%
2013-06-22,1 BTC = 82.00000000€,2.29%
2013-06-23,1 BTC = 82.70000000€,0.85%
2013-06-24,1 BTC = 81.00000000€,-2.1%
2013-06-25,1 BTC = 80.90000000€,-0.12%
2013-06-26,1 BTC = 77.09000000€,-4.94%
2013-06-27,1 BTC = 79.44000000€,2.96%
2013-06-28,1 BTC = 78.91000000€,-0.67%
2013-06-29,1 BTC = 77.50000000€,-1.82%
2013-06-30,1 BTC = 72.50000000€,-6.9%
2013-07-01,1 BTC = 71.50000000€,-1.4%
2013-07-02,1 BTC = 73.90000000€,3.25%
2013-07-03,1 BTC = 66.32000000€,-11.43%
2013-07-04,1 BTC = 69.00000000€,3.88%
2013-07-05,1 BTC = 60.00000000€,-15%
2013-07-06,1 BTC = 61.43000000€,2.33%
2013-07-07,1 BTC = 53.54000000€,-14.74%
2013-07-08,1 BTC = 53.60000000€,0.11%
2013-07-09,1 BTC = 59.00000000€,9.15%
2013-07-10,1 BTC = 59.60000000€,1.01%
2013-07-11,1 BTC = 60.85000000€,2.05%
2013-07-12,1 BTC = 68.50000000€,11.17%
2013-07-13,1 BTC = 68.76000000€,0.38%
2013-07-14,1 BTC = 72.60000000€,5.29%
2013-07-15,1 BTC = 74.00000000€,1.89%
2013-07-16,1 BTC = 73.44000000€,-0.76%
2013-07-17,1 BTC = 74.59000000€,1.54%
2013-07-18,1 BTC = 73.81000000€,-1.06%
2013-07-19,1 BTC = 75.30000000€,1.98%
2013-07-20,1 BTC = 70.65000000€,-6.58%
2013-07-21,1 BTC = 70.15000000€,-0.71%
2013-07-22,1 BTC = 69.80000000€,-0.5%
2013-07-23,1 BTC = 69.27000000€,-0.77%
2013-07-24,1 BTC = 70.00000000€,1.04%
2013-07-25,1 BTC = 73.00000000€,4.11%
2013-07-26,1 BTC = 71.99000000€,-1.4%
2013-07-27,1 BTC = 72.98000000€,1.36%
2013-07-28,1 BTC = 72.36000000€,-0.86%
2013-07-29,1 BTC = 70.50000000€,-2.64%
2013-07-30,1 BTC = 74.00000000€,4.73%
2013-07-31,1 BTC = 75.37000000€,1.82%
2013-08-01,1 BTC = 79.48000000€,5.17%
2013-08-02,1 BTC = 77.80000000€,-2.16%
2013-08-03,1 BTC = 78.00000000€,0.26%
2013-08-04,1 BTC = 78.50000000€,0.64%
2013-08-05,1 BTC = 77.58000000€,-1.19%
2013-08-06,1 BTC = 78.10000000€,0.67%
2013-08-07,1 BTC = 80.95000000€,3.52%
2013-08-08,1 BTC = 79.20000000€,-2.21%
2013-08-09,1 BTC = 79.00000000€,-0.25%
2013-08-10,1 BTC = 77.80000000€,-1.54%
2013-08-11,1 BTC = 76.89000000€,-1.18%
2013-08-12,1 BTC = 76.90000000€,0.01%
2013-08-13,1 BTC = 77.70000000€,1.03%
2013-08-14,1 BTC = 79.11000000€,1.78%
2013-08-15,1 BTC = 80.60000000€,1.85%
2013-08-16,1 BTC = 82.77000000€,2.62%
2013-08-17,1 BTC = 82.24000000€,-0.64%
2013-08-18,1 BTC = 81.77000000€,-0.57%
2013-08-19,1 BTC = 82.75000000€,1.18%
2013-08-20,1 BTC = 83.41000000€,0.79%
2013-08-21,1 BTC = 88.00000000€,5.22%
2013-08-22,1 BTC = 89.90000000€,2.11%
2013-08-23,1 BTC = 89.83000000€,-0.08%
2013-08-24,1 BTC = 89.99000000€,0.18%
2013-08-25,1 BTC = 87.50000000€,-2.85%
2013-08-26,1 BTC = 88.30000000€,0.91%
2013-08-27,1 BTC = 89.95000000€,1.83%
2013-08-28,1 BTC = 88.70000000€,-1.41%
2013-08-29,1 BTC = 96.25000000€,7.84%
2013-08-30,1 BTC = 95.20000000€,-1.1%
2013-08-31,1 BTC = 95.27000000€,0.07%
2013-09-01,1 BTC = 101.36000000€,6.01%
2013-09-02,1 BTC = 105.32000000€,3.76%
2013-09-03,1 BTC = 108.36000000€,2.81%
2013-09-04,1 BTC = 106.15000000€,-2.08%
2013-09-05,1 BTC = 107.25000000€,1.03%
2013-09-06,1 BTC = 100.10000000€,-7.14%
2013-09-07,1 BTC = 99.30000000€,-0.81%
2013-09-08,1 BTC = 93.70000000€,-5.98%
2013-09-09,1 BTC = 97.81000000€,4.2%
2013-09-10,1 BTC = 96.00000000€,-1.89%
2013-09-11,1 BTC = 99.20000000€,3.23%
2013-09-12,1 BTC = 99.03000000€,-0.17%
2013-09-13,1 BTC = 105.17000000€,5.84%
2013-09-14,1 BTC = 104.00000000€,-1.13%
2013-09-15,1 BTC = 104.80000000€,0.76%
2013-09-16,1 BTC = 101.98000000€,-2.77%
2013-09-17,1 BTC = 102.96000000€,0.95%
2013-09-18,1 BTC = 104.77000000€,1.73%
2013-09-19,1 BTC = 103.33000000€,-1.39%
2013-09-20,1 BTC = 103.43000000€,0.1%
2013-09-21,1 BTC = 100.01000000€,-3.42%
2013-09-22,1 BTC = 98.50000000€,-1.53%
2013-09-23,1 BTC = 98.98000000€,0.48%
2013-09-24,1 BTC = 99.19000000€,0.21%
2013-09-25,1 BTC = 98.65000000€,-0.55%
2013-09-26,1 BTC = 97.30000000€,-1.39%
2013-09-27,1 BTC = 100.73000000€,3.41%
2013-09-28,1 BTC = 98.80000000€,-1.95%
2013-09-29,1 BTC = 101.00000000€,2.18%
2013-09-30,1 BTC = 103.53000000€,2.44%
2013-10-01,1 BTC = 104.49000000€,0.92%
2013-10-02,1 BTC = 102.79000000€,-1.65%
2013-10-03,1 BTC = 102.40000000€,-0.38%
2013-10-04,1 BTC = 89.93000000€,-13.87%
2013-10-05,1 BTC = 94.10000000€,4.43%
2013-10-06,1 BTC = 99.49000000€,5.42%
2013-10-07,1 BTC = 99.58000000€,0.09%
2013-10-08,1 BTC = 98.55000000€,-1.05%
2013-10-09,1 BTC = 99.45000000€,0.9%
2013-10-10,1 BTC = 99.64000000€,0.19%
2013-10-11,1 BTC = 101.51000000€,1.84%
2013-10-12,1 BTC = 102.21000000€,0.68%
2013-10-13,1 BTC = 102.01000000€,-0.2%
2013-10-14,1 BTC = 102.10000000€,0.09%
2013-10-15,1 BTC = 105.63000000€,3.34%
2013-10-16,1 BTC = 108.44000000€,2.59%
2013-10-17,1 BTC = 113.89000000€,4.79%
2013-10-18,1 BTC = 111.97000000€,-1.71%
2013-10-19,1 BTC = 113.43000000€,1.29%
2013-10-20,1 BTC = 119.96000000€,5.44%
2013-10-21,1 BTC = 130.51000000€,8.08%
2013-10-22,1 BTC = 132.99000000€,1.86%
2013-10-23,1 BTC = 138.84000000€,4.21%
2013-10-24,1 BTC = 145.94000000€,4.87%
2013-10-25,1 BTC = 164.55000000€,11.31%
2013-10-26,1 BTC = 146.97000000€,-11.96%
2013-10-27,1 BTC = 142.87000000€,-2.87%
2013-10-28,1 BTC = 139.85000000€,-2.16%
2013-10-29,1 BTC = 147.24000000€,5.02%
2013-10-30,1 BTC = 148.53000000€,0.87%
2013-10-31,1 BTC = 154.93000000€,4.13%
2013-11-01,1 BTC = 151.38000000€,-2.35%
2013-11-02,1 BTC = 152.83000000€,0.95%
2013-11-03,1 BTC = 153.39000000€,0.37%
2013-11-04,1 BTC = 155.92000000€,1.62%
2013-11-05,1 BTC = 163.90000000€,4.87%
2013-11-06,1 BTC = 173.32000000€,5.44%
2013-11-07,1 BTC = 181.90000000€,4.72%
2013-11-08,1 BTC = 196.51000000€,7.43%
2013-11-09,1 BTC = 227.92000000€,13.78%
2013-11-10,1 BTC = 259.00000000€,12%
2013-11-11,1 BTC = 274.99000000€,5.81%
2013-11-12,1 BTC = 253.69000000€,-8.4%
2013-11-13,1 BTC = 267.13000000€,5.03%
2013-11-14,1 BTC = 277.45000000€,3.72%
2013-11-15,1 BTC = 318.05000000€,12.77%
2013-11-16,1 BTC = 318.31000000€,0.08%
2013-11-17,1 BTC = 326.11000000€,2.39%
2013-11-18,1 BTC = 341.77000000€,4.58%
2013-11-19,1 BTC = 388.61000000€,12.05%
2013-11-20,1 BTC = 582.53000000€,33.29%
2013-11-21,1 BTC = 479.95000000€,-21.37%
2013-11-22,1 BTC = 467.63000000€,-2.63%
2013-11-23,1 BTC = 551.30000000€,15.18%
2013-11-24,1 BTC = 585.03000000€,5.77%
2013-11-25,1 BTC = 625.23000000€,6.43%
2013-11-26,1 BTC = 598.45000000€,-4.47%
2013-11-27,1 BTC = 603.79000000€,0.88%
2013-11-28,1 BTC = 706.51000000€,14.54%
2013-11-29,1 BTC = 779.33000000€,9.34%
2013-11-30,1 BTC = 826.37000000€,5.69%
2013-12-01,1 BTC = 875.99000000€,5.66%
2013-12-02,1 BTC = 865.31000000€,-1.23%
2013-12-03,1 BTC = 738.58000000€,-17.16%
2013-12-04,1 BTC = 790.45000000€,6.56%
2013-12-05,1 BTC = 829.34000000€,4.69%
2013-12-06,1 BTC = 876.60000000€,5.39%
2013-12-07,1 BTC = 796.93000000€,-10%
2013-12-08,1 BTC = 612.81000000€,-30.05%
2013-12-09,1 BTC = 509.97000000€,-20.17%
2013-12-10,1 BTC = 591.71000000€,13.81%
2013-12-11,1 BTC = 675.61000000€,12.42%
2013-12-12,1 BTC = 739.89000000€,8.69%
2013-12-13,1 BTC = 665.32000000€,-11.21%
2013-12-14,1 BTC = 642.30000000€,-3.58%
2013-12-15,1 BTC = 666.57000000€,3.64%
2013-12-16,1 BTC = 652.14000000€,-2.21%
2013-12-17,1 BTC = 658.39000000€,0.95%
2013-12-18,1 BTC = 547.22000000€,-20.32%
2013-12-19,1 BTC = 515.89000000€,-6.07%
2013-12-20,1 BTC = 396.42000000€,-30.14%
2013-12-21,1 BTC = 528.25000000€,24.96%
2013-12-22,1 BTC = 481.97000000€,-9.6%
2013-12-23,1 BTC = 465.70000000€,-3.49%
2013-12-24,1 BTC = 464.46000000€,-0.27%
2013-12-25,1 BTC = 511.34000000€,9.17%
2013-12-26,1 BTC = 493.67000000€,-3.58%
2013-12-27,1 BTC = 507.84000000€,2.79%
2013-12-28,1 BTC = 569.24000000€,10.79%
2013-12-29,1 BTC = 565.92000000€,-0.59%
2013-12-30,1 BTC = 547.63000000€,-3.34%
2013-12-31,1 BTC = 556.17000000€,1.54%
2014-01-01,1 BTC = 567.19000000€,1.94%
2014-01-02,1 BTC = 566.94000000€,-0.04%
2014-01-03,1 BTC = 569.83000000€,0.51%
2014-01-04,1 BTC = 599.98000000€,5.03%
2014-01-05,1 BTC = 616.11000000€,2.62%
2014-01-06,1 BTC = 647.58000000€,4.86%
2014-01-07,1 BTC = 706.90000000€,8.39%
2014-01-08,1 BTC = 703.84000000€,-0.43%
2014-01-09,1 BTC = 631.44000000€,-11.47%
2014-01-10,1 BTC = 645.15000000€,2.13%
2014-01-11,1 BTC = 661.81000000€,2.52%
2014-01-12,1 BTC = 657.02000000€,-0.73%
2014-01-13,1 BTC = 694.96000000€,5.46%
2014-01-14,1 BTC = 669.41000000€,-3.82%
2014-01-15,1 BTC = 655.45000000€,-2.13%
2014-01-16,1 BTC = 637.92000000€,-2.75%
2014-01-17,1 BTC = 662.14000000€,3.66%
2014-01-18,1 BTC = 646.10000000€,-2.48%
2014-01-19,1 BTC = 626.76000000€,-3.09%
2014-01-20,1 BTC = 626.19000000€,-0.09%
2014-01-21,1 BTC = 650.80000000€,3.78%
2014-01-22,1 BTC = 671.96000000€,3.15%
2014-01-23,1 BTC = 676.30000000€,0.64%
2014-01-24,1 BTC = 653.83000000€,-3.44%
2014-01-25,1 BTC = 650.27000000€,-0.55%
2014-01-26,1 BTC = 627.47000000€,-3.63%
2014-01-27,1 BTC = 668.76000000€,6.17%
2014-01-28,1 BTC = 704.66000000€,5.09%
2014-01-29,1 BTC = 633.64000000€,-11.21%
2014-01-30,1 BTC = 644.67000000€,1.71%
2014-01-31,1 BTC = 655.53000000€,1.66%
2014-02-01,1 BTC = 652.39000000€,-0.48%
2014-02-02,1 BTC = 642.18000000€,-1.59%
2014-02-03,1 BTC = 650.38000000€,1.26%
2014-02-04,1 BTC = 651.06000000€,0.1%
2014-02-05,1 BTC = 651.09000000€,0%
2014-02-06,1 BTC = 650.88000000€,-0.03%
2014-02-07,1 BTC = 643.13000000€,-1.21%
2014-02-08,1 BTC = 603.43000000€,-6.58%
2014-02-09,1 BTC = 522.84000000€,-15.41%
2014-02-10,1 BTC = 493.63000000€,-5.92%
2014-02-11,1 BTC = 500.06000000€,1.29%
2014-02-12,1 BTC = 452.82000000€,-10.43%
2014-02-13,1 BTC = 455.32000000€,0.55%
2014-02-14,1 BTC = 415.27000000€,-9.64%
2014-02-15,1 BTC = 374.42000000€,-10.91%
2014-02-16,1 BTC = 352.47000000€,-6.23%
2014-02-17,1 BTC = 285.68000000€,-23.38%
2014-02-18,1 BTC = 240.54000000€,-18.77%
2014-02-19,1 BTC = 238.84000000€,-0.71%
2014-02-20,1 BTC = 232.03000000€,-2.93%
2014-02-21,1 BTC = 213.75000000€,-8.55%
2014-02-22,1 BTC = 115.19000000€,-85.56%
2014-02-23,1 BTC = 113.00000000€,-1.94%
2014-02-24,1 BTC = 210.87000000€,46.41%
2014-02-25,1 BTC = 272.64000000€,22.66%
2014-02-26,1 BTC = 153.64000000€,-77.45%
2014-02-27,1 BTC = 198.75000000€,22.7%
2014-02-28,1 BTC = 430.63000000€,53.85%
2014-03-01,1 BTC = 432.31000000€,0.39%
2014-03-02,1 BTC = 416.86000000€,-3.71%
2014-03-03,1 BTC = 420.17000000€,0.79%
2014-03-04,1 BTC = 412.89000000€,-1.76%
2014-03-05,1 BTC = 474.17000000€,12.92%
2014-03-06,1 BTC = 490.98000000€,3.42%
2014-03-07,1 BTC = 489.40000000€,-0.32%
2014-03-08,1 BTC = 481.13000000€,-1.72%
2014-03-09,1 BTC = 463.74000000€,-3.75%
2014-03-10,1 BTC = 455.70000000€,-1.76%
2014-03-11,1 BTC = 465.87000000€,2.18%
2014-03-12,1 BTC = 456.49000000€,-2.05%
2014-03-13,1 BTC = 459.89000000€,0.74%
2014-03-14,1 BTC = 459.04000000€,-0.19%
2014-03-15,1 BTC = 464.64000000€,1.21%
2014-03-16,1 BTC = 458.52000000€,-1.33%
2014-03-17,1 BTC = 460.14000000€,0.35%
2014-03-18,1 BTC = 459.13000000€,-0.22%
2014-03-19,1 BTC = 449.52000000€,-2.14%
2014-03-20,1 BTC = 445.54000000€,-0.89%
2014-03-21,1 BTC = 442.94000000€,-0.59%
2014-03-22,1 BTC = 426.41000000€,-3.88%
2014-03-23,1 BTC = 416.32000000€,-2.42%
2014-03-24,1 BTC = 414.39000000€,-0.47%
2014-03-25,1 BTC = 411.78000000€,-0.63%
2014-03-26,1 BTC = 422.58000000€,2.56%
2014-03-27,1 BTC = 422.81000000€,0.05%
2014-03-28,1 BTC = 425.07000000€,0.53%
2014-03-29,1 BTC = 368.74000000€,-15.28%
2014-03-30,1 BTC = 373.04000000€,1.15%
2014-03-31,1 BTC = 364.35000000€,-2.39%
2014-04-01,1 BTC = 339.86000000€,-7.21%
2014-04-02,1 BTC = 335.11000000€,-1.42%
2014-04-03,1 BTC = 357.65000000€,6.3%
2014-04-04,1 BTC = 321.96000000€,-11.09%
2014-04-05,1 BTC = 326.56000000€,1.41%
2014-04-06,1 BTC = 331.41000000€,1.46%
2014-04-07,1 BTC = 336.70000000€,1.57%
2014-04-08,1 BTC = 336.82000000€,0.04%
2014-04-09,1 BTC = 331.75000000€,-1.53%
2014-04-10,1 BTC = 332.24000000€,0.15%
2014-04-11,1 BTC = 325.74000000€,-2%
2014-04-12,1 BTC = 275.98000000€,-18.03%
2014-04-13,1 BTC = 306.21000000€,9.87%
2014-04-14,1 BTC = 310.00000000€,1.22%
2014-04-15,1 BTC = 302.83000000€,-2.37%
2014-04-16,1 BTC = 335.33000000€,9.69%
2014-04-17,1 BTC = 376.87000000€,11.02%
2014-04-18,1 BTC = 377.08000000€,0.06%
2014-04-19,1 BTC = 364.31000000€,-3.51%
2014-04-20,1 BTC = 352.06000000€,-3.48%
2014-04-21,1 BTC = 363.17000000€,3.06%
2014-04-22,1 BTC = 363.76000000€,0.16%
2014-04-23,1 BTC = 360.13000000€,-1.01%
2014-04-24,1 BTC = 353.78000000€,-1.79%
2014-04-25,1 BTC = 355.88000000€,0.59%
2014-04-26,1 BTC = 359.33000000€,0.96%
2014-04-27,1 BTC = 337.72000000€,-6.4%
2014-04-28,1 BTC = 331.96000000€,-1.74%
2014-04-29,1 BTC = 319.10000000€,-4.03%
2014-04-30,1 BTC = 319.60000000€,0.16%
2014-05-01,1 BTC = 322.34000000€,0.85%
2014-05-02,1 BTC = 324.54000000€,0.68%
2014-05-03,1 BTC = 332.38000000€,2.36%
2014-05-04,1 BTC = 326.36000000€,-1.84%
2014-05-05,1 BTC = 316.09000000€,-3.25%
2014-05-06,1 BTC = 315.18000000€,-0.29%
2014-05-07,1 BTC = 311.73000000€,-1.11%
2014-05-08,1 BTC = 310.39000000€,-0.43%
2014-05-09,1 BTC = 318.25000000€,2.47%
2014-05-10,1 BTC = 319.20000000€,0.3%
2014-05-11,1 BTC = 327.29000000€,2.47%
2014-05-12,1 BTC = 328.95000000€,0.5%
2014-05-13,1 BTC = 319.06000000€,-3.1%
2014-05-14,1 BTC = 320.34000000€,0.4%
2014-05-15,1 BTC = 320.00000000€,-0.11%
2014-05-16,1 BTC = 324.69000000€,1.44%
2014-05-17,1 BTC = 327.55000000€,0.87%
2014-05-18,1 BTC = 327.82000000€,0.08%
2014-05-19,1 BTC = 329.19000000€,0.42%
2014-05-20,1 BTC = 325.29000000€,-1.2%
2014-05-21,1 BTC = 325.78000000€,0.15%
2014-05-22,1 BTC = 354.09000000€,8%
2014-05-23,1 BTC = 358.95000000€,1.35%
2014-05-24,1 BTC = 381.03000000€,5.79%
2014-05-25,1 BTC = 382.72000000€,0.44%
2014-05-26,1 BTC = 385.70000000€,0.77%
2014-05-27,1 BTC = 418.97000000€,7.94%
2014-05-28,1 BTC = 426.03000000€,1.66%
2014-05-29,1 BTC = 421.19000000€,-1.15%
2014-05-30,1 BTC = 422.29000000€,0.26%
2014-05-31,1 BTC = 417.76000000€,-1.08%
2014-06-01,1 BTC = 451.36000000€,7.44%
2014-06-02,1 BTC = 456.74000000€,1.18%
2014-06-03,1 BTC = 464.27000000€,1.62%
2014-06-04,1 BTC = 481.23000000€,3.52%
2014-06-05,1 BTC = 491.99000000€,2.19%
2014-06-06,1 BTC = 476.13000000€,-3.33%
2014-06-07,1 BTC = 487.33000000€,2.3%
2014-06-08,1 BTC = 480.69000000€,-1.38%
2014-06-09,1 BTC = 480.76000000€,0.01%
2014-06-10,1 BTC = 480.63000000€,-0.03%
2014-06-11,1 BTC = 475.19000000€,-1.14%
2014-06-12,1 BTC = 477.90000000€,0.57%
2014-06-13,1 BTC = 463.14000000€,-3.19%
2014-06-14,1 BTC = 420.97000000€,-10.02%
2014-06-15,1 BTC = 436.01000000€,3.45%
2014-06-16,1 BTC = 419.62000000€,-3.91%
2014-06-17,1 BTC = 432.51000000€,2.98%
2014-06-18,1 BTC = 439.42000000€,1.57%
2014-06-19,1 BTC = 446.32000000€,1.55%
2014-06-20,1 BTC = 446.48000000€,0.04%
2014-06-21,1 BTC = 438.55000000€,-1.81%
2014-06-22,1 BTC = 437.19000000€,-0.31%
2014-06-23,1 BTC = 438.04000000€,0.19%
2014-06-24,1 BTC = 448.14000000€,2.25%
2014-06-25,1 BTC = 431.94000000€,-3.75%
2014-06-26,1 BTC = 426.56000000€,-1.26%
2014-06-27,1 BTC = 412.46000000€,-3.42%
2014-06-28,1 BTC = 425.66000000€,3.1%
2014-06-29,1 BTC = 437.22000000€,2.64%
2014-06-30,1 BTC = 437.10000000€,-0.03%
2014-07-01,1 BTC = 438.91000000€,0.41%
2014-07-02,1 BTC = 463.96000000€,5.4%
2014-07-03,1 BTC = 467.41000000€,0.74%
2014-07-04,1 BTC = 472.51000000€,1.08%
2014-07-05,1 BTC = 467.91000000€,-0.98%
2014-07-06,1 BTC = 463.17000000€,-1.02%
2014-07-07,1 BTC = 461.95000000€,-0.26%
2014-07-08,1 BTC = 465.40000000€,0.74%
2014-07-09,1 BTC = 457.89000000€,-1.64%
2014-07-10,1 BTC = 457.56000000€,-0.07%
2014-07-11,1 BTC = 457.46000000€,-0.02%
2014-07-12,1 BTC = 451.97000000€,-1.21%
2014-07-13,1 BTC = 463.24000000€,2.43%
2014-07-14,1 BTC = 467.03000000€,0.81%
2014-07-15,1 BTC = 461.70000000€,-1.15%
2014-07-16,1 BTC = 454.32000000€,-1.62%
2014-07-17,1 BTC = 458.13000000€,0.83%
2014-07-18,1 BTC = 456.43000000€,-0.37%
2014-07-19,1 BTC = 460.00000000€,0.78%
2014-07-20,1 BTC = 462.86000000€,0.62%
2014-07-21,1 BTC = 462.08000000€,-0.17%
2014-07-22,1 BTC = 458.55000000€,-0.77%
2014-07-23,1 BTC = 456.38000000€,-0.48%
2014-07-24,1 BTC = 460.57000000€,0.91%
2014-07-25,1 BTC = 459.44000000€,-0.25%
2014-07-26,1 BTC = 448.24000000€,-2.5%
2014-07-27,1 BTC = 449.51000000€,0.28%
2014-07-28,1 BTC = 445.81000000€,-0.83%
2014-07-29,1 BTC = 443.78000000€,-0.46%
2014-07-30,1 BTC = 439.12000000€,-1.06%
2014-07-31,1 BTC = 436.82000000€,-0.53%
2014-08-01,1 BTC = 421.20000000€,-3.71%
2014-08-02,1 BTC = 436.27000000€,3.45%
2014-08-03,1 BTC = 445.47000000€,2.07%
2014-08-04,1 BTC = 440.63000000€,-1.1%
2014-08-05,1 BTC = 436.27000000€,-1%
2014-08-06,1 BTC = 437.92000000€,0.38%
2014-08-07,1 BTC = 435.38000000€,-0.58%
2014-08-08,1 BTC = 434.24000000€,-0.26%
2014-08-09,1 BTC = 439.06000000€,1.1%
2014-08-10,1 BTC = 440.93000000€,0.42%
2014-08-11,1 BTC = 438.74000000€,-0.5%
2014-08-12,1 BTC = 438.43000000€,-0.07%
2014-08-13,1 BTC = 430.67000000€,-1.8%
2014-08-14,1 BTC = 428.29000000€,-0.56%
2014-08-15,1 BTC = 411.11000000€,-4.18%
2014-08-16,1 BTC = 382.63000000€,-7.44%
2014-08-17,1 BTC = 376.90000000€,-1.52%
2014-08-18,1 BTC = 396.28000000€,4.89%
2014-08-19,1 BTC = 376.43000000€,-5.27%
2014-08-20,1 BTC = 351.65000000€,-7.05%
2014-08-21,1 BTC = 370.00000000€,4.96%
2014-08-22,1 BTC = 393.18000000€,5.9%
2014-08-23,1 BTC = 395.87000000€,0.68%
2014-08-24,1 BTC = 392.57000000€,-0.84%
2014-08-25,1 BTC = 379.74000000€,-3.38%
2014-08-26,1 BTC = 388.00000000€,2.13%
2014-08-27,1 BTC = 382.03000000€,-1.56%
2014-08-28,1 BTC = 388.19000000€,1.59%
2014-08-29,1 BTC = 387.64000000€,-0.14%
2014-08-30,1 BTC = 382.91000000€,-1.24%
2014-08-31,1 BTC = 386.60000000€,0.95%
2014-09-01,1 BTC = 384.20000000€,-0.62%
2014-09-02,1 BTC = 368.43000000€,-4.28%
2014-09-03,1 BTC = 364.22000000€,-1.16%
2014-09-04,1 BTC = 361.35000000€,-0.79%
2014-09-05,1 BTC = 361.60000000€,0.07%
2014-09-06,1 BTC = 379.72000000€,4.77%
2014-09-07,1 BTC = 369.91000000€,-2.65%
2014-09-08,1 BTC = 371.31000000€,0.38%
2014-09-09,1 BTC = 371.31000000€,0%
2014-09-10,1 BTC = 365.21000000€,-1.67%
2014-09-11,1 BTC = 366.01000000€,0.22%
2014-09-12,1 BTC = 368.35000000€,0.64%
2014-09-13,1 BTC = 369.29000000€,0.25%
2014-09-14,1 BTC = 367.49000000€,-0.49%
2014-09-15,1 BTC = 365.85000000€,-0.45%
2014-09-16,1 BTC = 364.67000000€,-0.32%
2014-09-17,1 BTC = 363.43000000€,-0.34%
2014-09-18,1 BTC = 359.56000000€,-1.08%
2014-09-19,1 BTC = 353.98000000€,-1.58%
2014-09-20,1 BTC = 331.25000000€,-6.86%
2014-09-21,1 BTC = 308.98000000€,-7.21%
2014-09-22,1 BTC = 320.71000000€,3.66%
2014-09-23,1 BTC = 311.72000000€,-2.88%
2014-09-24,1 BTC = 312.12000000€,0.13%
2014-09-25,1 BTC = 340.77000000€,8.41%
2014-09-26,1 BTC = 328.27000000€,-3.81%
2014-09-27,1 BTC = 319.65000000€,-2.7%
2014-09-28,1 BTC = 318.65000000€,-0.31%
2014-09-29,1 BTC = 314.83000000€,-1.21%
2014-09-30,1 BTC = 296.87000000€,-6.05%
2014-10-01,1 BTC = 291.70000000€,-1.77%
2014-10-02,1 BTC = 307.35000000€,5.09%
2014-10-03,1 BTC = 303.39000000€,-1.31%
2014-10-04,1 BTC = 294.37000000€,-3.06%
2014-10-05,1 BTC = 284.22000000€,-3.57%
2014-10-06,1 BTC = 263.45000000€,-7.88%
2014-10-07,1 BTC = 258.56000000€,-1.89%
2014-10-08,1 BTC = 261.62000000€,1.17%
2014-10-09,1 BTC = 263.13000000€,0.57%
2014-10-10,1 BTC = 280.45000000€,6.18%
2014-10-11,1 BTC = 283.47000000€,1.07%
2014-10-12,1 BTC = 285.52000000€,0.72%
2014-10-13,1 BTC = 288.56000000€,1.05%
2014-10-14,1 BTC = 298.47000000€,3.32%
2014-10-15,1 BTC = 306.11000000€,2.5%
2014-10-16,1 BTC = 316.85000000€,3.39%
2014-10-17,1 BTC = 310.88000000€,-1.92%
2014-10-18,1 BTC = 300.26000000€,-3.54%
2014-10-19,1 BTC = 299.53000000€,-0.24%
2014-10-20,1 BTC = 306.62000000€,2.31%
2014-10-21,1 BTC = 304.33000000€,-0.75%
2014-10-22,1 BTC = 299.20000000€,-1.71%
2014-10-23,1 BTC = 302.46000000€,1.08%
2014-10-24,1 BTC = 301.09000000€,-0.46%
2014-10-25,1 BTC = 283.53000000€,-6.19%
2014-10-26,1 BTC = 282.96000000€,-0.2%
2014-10-27,1 BTC = 276.64000000€,-2.28%
2014-10-28,1 BTC = 281.63000000€,1.77%
2014-10-29,1 BTC = 280.74000000€,-0.32%
2014-10-30,1 BTC = 281.89000000€,0.41%
2014-10-31,1 BTC = 268.03000000€,-5.17%
2014-11-01,1 BTC = 274.10000000€,2.21%
2014-11-02,1 BTC = 270.01000000€,-1.51%
2014-11-03,1 BTC = 260.08000000€,-3.82%
2014-11-04,1 BTC = 259.84000000€,-0.09%
2014-11-05,1 BTC = 260.64000000€,0.31%
2014-11-06,1 BTC = 261.41000000€,0.29%
2014-11-07,1 BTC = 269.98000000€,3.17%
2014-11-08,1 BTC = 278.41000000€,3.03%
2014-11-09,1 BTC = 274.30000000€,-1.5%
2014-11-10,1 BTC = 275.00000000€,0.25%
2014-11-11,1 BTC = 286.67000000€,4.07%
2014-11-12,1 BTC = 290.72000000€,1.39%
2014-11-13,1 BTC = 293.86000000€,1.07%
2014-11-14,1 BTC = 326.18000000€,9.91%
2014-11-15,1 BTC = 331.74000000€,1.68%
2014-11-16,1 BTC = 318.33000000€,-4.21%
2014-11-17,1 BTC = 306.19000000€,-3.96%
2014-11-18,1 BTC = 309.99000000€,1.23%
2014-11-19,1 BTC = 311.34000000€,0.43%
2014-11-20,1 BTC = 302.93000000€,-2.78%
2014-11-21,1 BTC = 303.89000000€,0.32%
2014-11-22,1 BTC = 285.82000000€,-6.32%
2014-11-23,1 BTC = 284.05000000€,-0.62%
2014-11-24,1 BTC = 287.06000000€,1.05%
2014-11-25,1 BTC = 296.20000000€,3.09%
2014-11-26,1 BTC = 304.58000000€,2.75%
2014-11-27,1 BTC = 301.42000000€,-1.05%
2014-11-28,1 BTC = 294.48000000€,-2.36%
2014-11-29,1 BTC = 296.01000000€,0.52%
2014-11-30,1 BTC = 302.66000000€,2.2%
2014-12-01,1 BTC = 303.46000000€,0.26%
2014-12-02,1 BTC = 301.01000000€,-0.81%
2014-12-03,1 BTC = 303.48000000€,0.81%
2014-12-04,1 BTC = 304.56000000€,0.35%
2014-12-05,1 BTC = 304.18000000€,-0.12%
2014-12-06,1 BTC = 298.84000000€,-1.79%
2014-12-07,1 BTC = 304.78000000€,1.95%
2014-12-08,1 BTC = 302.93000000€,-0.61%
2014-12-09,1 BTC = 303.87000000€,0.31%
2014-12-10,1 BTC = 296.66000000€,-2.43%
2014-12-11,1 BTC = 285.88000000€,-3.77%
2014-12-12,1 BTC = 282.45000000€,-1.21%
2014-12-13,1 BTC = 283.64000000€,0.42%
2014-12-14,1 BTC = 286.24000000€,0.91%
2014-12-15,1 BTC = 282.45000000€,-1.34%
2014-12-16,1 BTC = 284.19000000€,0.61%
2014-12-17,1 BTC = 280.63000000€,-1.27%
2014-12-18,1 BTC = 267.19000000€,-5.03%
2014-12-19,1 BTC = 261.87000000€,-2.03%
2014-12-20,1 BTC = 255.21000000€,-2.61%
2014-12-21,1 BTC = 260.94000000€,2.2%
2014-12-22,1 BTC = 268.97000000€,2.99%
2014-12-23,1 BTC = 262.84000000€,-2.33%
2014-12-24,1 BTC = 271.15000000€,3.06%
2014-12-25,1 BTC = 274.81000000€,1.33%
2014-12-26,1 BTC = 264.68000000€,-3.83%
2014-12-27,1 BTC = 261.75000000€,-1.12%
2014-12-28,1 BTC = 270.56000000€,3.26%
2014-12-29,1 BTC = 261.34000000€,-3.53%
2014-12-30,1 BTC = 262.25000000€,0.35%
2014-12-31,1 BTC = 258.82000000€,-1.33%
2015-01-01,1 BTC = 257.04000000€,-0.69%
2015-01-02,1 BTC = 264.93000000€,2.98%
2015-01-03,1 BTC = 262.66000000€,-0.86%
2015-01-04,1 BTC = 264.51000000€,0.7%
2015-01-05,1 BTC = 241.29000000€,-9.62%
2015-01-06,1 BTC = 223.06000000€,-8.17%
2015-01-07,1 BTC = 229.58000000€,2.84%
2015-01-08,1 BTC = 241.68000000€,5.01%
2015-01-09,1 BTC = 250.05000000€,3.35%
2015-01-10,1 BTC = 241.72000000€,-3.45%
2015-01-11,1 BTC = 246.20000000€,1.82%
2015-01-12,1 BTC = 234.06000000€,-5.19%
2015-01-13,1 BTC = 228.02000000€,-2.65%
2015-01-14,1 BTC = 227.09000000€,-0.41%
2015-01-15,1 BTC = 192.31000000€,-18.09%
2015-01-16,1 BTC = 149.91000000€,-28.28%
2015-01-17,1 BTC = 183.81000000€,18.44%
2015-01-18,1 BTC = 179.94000000€,-2.15%
2015-01-19,1 BTC = 174.43000000€,-3.16%
2015-01-20,1 BTC = 182.05000000€,4.19%
2015-01-21,1 BTC = 188.12000000€,3.23%
2015-01-22,1 BTC = 183.91000000€,-2.29%
2015-01-23,1 BTC = 196.88000000€,6.59%
2015-01-24,1 BTC = 204.59000000€,3.77%
2015-01-25,1 BTC = 207.79000000€,1.54%
2015-01-26,1 BTC = 220.42000000€,5.73%
2015-01-27,1 BTC = 227.59000000€,3.15%
2015-01-28,1 BTC = 239.97000000€,5.16%
2015-01-29,1 BTC = 232.93000000€,-3.02%
2015-01-30,1 BTC = 212.53000000€,-9.6%
2015-01-31,1 BTC = 206.19000000€,-3.07%
2015-02-01,1 BTC = 206.03000000€,-0.08%
2015-02-02,1 BTC = 194.22000000€,-6.08%
2015-02-03,1 BTC = 200.84000000€,3.3%
2015-02-04,1 BTC = 209.90000000€,4.32%
2015-02-05,1 BTC = 200.75000000€,-4.56%
2015-02-06,1 BTC = 201.25000000€,0.25%
2015-02-07,1 BTC = 191.22000000€,-5.25%
2015-02-08,1 BTC = 197.30000000€,3.08%
2015-02-09,1 BTC = 200.40000000€,1.55%
2015-02-10,1 BTC = 197.04000000€,-1.71%
2015-02-11,1 BTC = 194.91000000€,-1.09%
2015-02-12,1 BTC = 195.50000000€,0.3%
2015-02-13,1 BTC = 195.18000000€,-0.16%
2015-02-14,1 BTC = 196.04000000€,0.44%
2015-02-15,1 BTC = 203.58000000€,3.7%
2015-02-16,1 BTC = 222.03000000€,8.31%
2015-02-17,1 BTC = 204.96000000€,-8.33%
2015-02-18,1 BTC = 208.17000000€,1.54%
2015-02-19,1 BTC = 213.72000000€,2.6%
2015-02-20,1 BTC = 206.45000000€,-3.52%
2015-02-21,1 BTC = 212.92000000€,3.04%
2015-02-22,1 BTC = 214.86000000€,0.9%
2015-02-23,1 BTC = 214.21000000€,-0.3%
2015-02-24,1 BTC = 207.61000000€,-3.18%
2015-02-25,1 BTC = 211.16000000€,1.68%
2015-02-26,1 BTC = 209.32000000€,-0.88%
2015-02-27,1 BTC = 209.91000000€,0.28%
2015-02-28,1 BTC = 210.06000000€,0.07%
2015-03-01,1 BTC = 221.50000000€,5.16%
2015-03-02,1 BTC = 220.78000000€,-0.33%
2015-03-03,1 BTC = 224.59000000€,1.7%
2015-03-04,1 BTC = 242.72000000€,7.47%
2015-03-05,1 BTC = 247.94000000€,2.11%
2015-03-06,1 BTC = 245.42000000€,-1.03%
2015-03-07,1 BTC = 248.40000000€,1.2%
2015-03-08,1 BTC = 248.74000000€,0.14%
2015-03-09,1 BTC = 252.96000000€,1.67%
2015-03-10,1 BTC = 251.39000000€,-0.62%
2015-03-11,1 BTC = 265.39000000€,5.28%
2015-03-12,1 BTC = 270.87000000€,2.02%
2015-03-13,1 BTC = 278.72000000€,2.82%
2015-03-14,1 BTC = 278.62000000€,-0.04%
2015-03-15,1 BTC = 273.38000000€,-1.92%
2015-03-16,1 BTC = 269.87000000€,-1.3%
2015-03-17,1 BTC = 273.10000000€,1.18%
2015-03-18,1 BTC = 275.27000000€,0.79%
2015-03-19,1 BTC = 270.05000000€,-1.93%
2015-03-20,1 BTC = 242.09000000€,-11.55%
2015-03-21,1 BTC = 249.41000000€,2.93%
2015-03-22,1 BTC = 245.53000000€,-1.58%
2015-03-23,1 BTC = 242.62000000€,-1.2%
2015-03-24,1 BTC = 249.25000000€,2.66%
2015-03-25,1 BTC = 244.26000000€,-2.04%
2015-03-26,1 BTC = 230.44000000€,-6%
2015-03-27,1 BTC = 226.80000000€,-1.6%
2015-03-28,1 BTC = 230.54000000€,1.62%
2015-03-29,1 BTC = 228.33000000€,-0.97%
2015-03-30,1 BTC = 232.46000000€,1.78%
2015-03-31,1 BTC = 224.16000000€,-3.7%
2015-04-01,1 BTC = 229.01000000€,2.12%
2015-04-02,1 BTC = 228.45000000€,-0.25%
2015-04-03,1 BTC = 228.92000000€,0.21%
2015-04-04,1 BTC = 232.73000000€,1.64%
2015-04-05,1 BTC = 231.86000000€,-0.38%
2015-04-06,1 BTC = 232.63000000€,0.33%
2015-04-07,1 BTC = 235.99000000€,1.42%
2015-04-08,1 BTC = 231.88000000€,-1.77%
2015-04-09,1 BTC = 233.17000000€,0.55%
2015-04-10,1 BTC = 227.42000000€,-2.53%
2015-04-11,1 BTC = 227.87000000€,0.2%
2015-04-12,1 BTC = 223.16000000€,-2.11%
2015-04-13,1 BTC = 223.09000000€,-0.03%
2015-04-14,1 BTC = 223.43000000€,0.15%
2015-04-15,1 BTC = 214.13000000€,-4.34%
2015-04-16,1 BTC = 206.47000000€,-3.71%
2015-04-17,1 BTC = 210.04000000€,1.7%
2015-04-18,1 BTC = 213.06000000€,1.42%
2015-04-19,1 BTC = 208.69000000€,-2.09%
2015-04-20,1 BTC = 207.21000000€,-0.71%
2015-04-21,1 BTC = 208.09000000€,0.42%
2015-04-22,1 BTC = 208.81000000€,0.34%
2015-04-23,1 BTC = 218.21000000€,4.31%
2015-04-24,1 BTC = 217.41000000€,-0.37%
2015-04-25,1 BTC = 215.84000000€,-0.73%
2015-04-26,1 BTC = 213.22000000€,-1.23%
2015-04-27,1 BTC = 208.06000000€,-2.48%
2015-04-28,1 BTC = 203.44000000€,-2.27%
2015-04-29,1 BTC = 209.80000000€,3.03%
2015-04-30,1 BTC = 206.80000000€,-1.45%
2015-05-01,1 BTC = 204.71000000€,-1.02%
2015-05-02,1 BTC = 210.57000000€,2.78%
2015-05-03,1 BTC = 208.28000000€,-1.1%
2015-05-04,1 BTC = 210.85000000€,1.22%
2015-05-05,1 BTC = 213.42000000€,1.2%
2015-05-06,1 BTC = 213.51000000€,0.04%
2015-05-07,1 BTC = 210.78000000€,-1.3%
2015-05-08,1 BTC = 203.68000000€,-3.49%
2015-05-09,1 BTC = 210.71000000€,3.34%
2015-05-10,1 BTC = 212.64000000€,0.91%
2015-05-11,1 BTC = 214.76000000€,0.99%
2015-05-12,1 BTC = 212.96000000€,-0.85%
2015-05-13,1 BTC = 215.37000000€,1.12%
2015-05-14,1 BTC = 215.17000000€,-0.09%
2015-05-15,1 BTC = 208.80000000€,-3.05%
2015-05-16,1 BTC = 208.62000000€,-0.09%
2015-05-17,1 BTC = 209.02000000€,0.19%
2015-05-18,1 BTC = 206.40000000€,-1.27%
2015-05-19,1 BTC = 205.24000000€,-0.57%
2015-05-20,1 BTC = 203.18000000€,-1.01%
2015-05-21,1 BTC = 205.05000000€,0.91%
2015-05-22,1 BTC = 207.69000000€,1.27%
2015-05-23,1 BTC = 209.30000000€,0.77%
2015-05-24,1 BTC = 212.33000000€,1.43%
2015-05-25,1 BTC = 210.32000000€,-0.96%
2015-05-26,1 BTC = 214.14000000€,1.78%
2015-05-27,1 BTC = 212.64000000€,-0.71%
2015-05-28,1 BTC = 214.45000000€,0.84%
2015-05-29,1 BTC = 213.85000000€,-0.28%
2015-05-30,1 BTC = 215.37000000€,0.71%
2015-05-31,1 BTC = 214.45000000€,-0.43%
2015-06-01,1 BTC = 212.07000000€,-1.12%
2015-06-02,1 BTC = 208.44000000€,-1.74%
2015-06-03,1 BTC = 204.19000000€,-2.08%
2015-06-04,1 BTC = 203.87000000€,-0.16%
2015-06-05,1 BTC = 200.36000000€,-1.75%
2015-06-06,1 BTC = 198.80000000€,-0.78%
2015-06-07,1 BTC = 201.32000000€,1.25%
2015-06-08,1 BTC = 201.93000000€,0.3%
2015-06-09,1 BTC = 200.78000000€,-0.57%
2015-06-10,1 BTC = 201.32000000€,0.27%
2015-06-11,1 BTC = 202.36000000€,0.51%
2015-06-12,1 BTC = 201.83000000€,-0.26%
2015-06-13,1 BTC = 203.29000000€,0.72%
2015-06-14,1 BTC = 203.61000000€,0.16%
2015-06-15,1 BTC = 203.64000000€,0.01%
2015-06-16,1 BTC = 205.20000000€,0.76%
2015-06-17,1 BTC = 208.27000000€,1.47%
2015-06-18,1 BTC = 217.11000000€,4.07%
2015-06-19,1 BTC = 216.64000000€,-0.22%
2015-06-20,1 BTC = 217.31000000€,0.31%
2015-06-21,1 BTC = 215.11000000€,-1.02%
2015-06-22,1 BTC = 214.45000000€,-0.31%
2015-06-23,1 BTC = 213.61000000€,-0.39%
2015-06-24,1 BTC = 216.92000000€,1.53%
2015-06-25,1 BTC = 217.07000000€,0.07%
2015-06-26,1 BTC = 214.95000000€,-0.99%
2015-06-27,1 BTC = 215.50000000€,0.26%
2015-06-28,1 BTC = 217.06000000€,0.72%
2015-06-29,1 BTC = 223.52000000€,2.89%
2015-06-30,1 BTC = 225.78000000€,1%
2015-07-01,1 BTC = 229.24000000€,1.51%
2015-07-02,1 BTC = 237.18000000€,3.35%
2015-07-03,1 BTC = 233.67000000€,-1.5%
2015-07-04,1 BTC = 229.79000000€,-1.69%
2015-07-05,1 BTC = 231.16000000€,0.59%
2015-07-06,1 BTC = 234.33000000€,1.35%
2015-07-07,1 BTC = 244.46000000€,4.14%
2015-07-08,1 BTC = 244.22000000€,-0.1%
2015-07-09,1 BTC = 242.82000000€,-0.58%
2015-07-10,1 BTC = 243.81000000€,0.41%
2015-07-11,1 BTC = 245.00000000€,0.49%
2015-07-12,1 BTC = 256.45000000€,4.46%
2015-07-13,1 BTC = 262.05000000€,2.14%
2015-07-14,1 BTC = 278.88000000€,6.03%
2015-07-15,1 BTC = 264.02000000€,-5.63%
2015-07-16,1 BTC = 260.87000000€,-1.21%
2015-07-17,1 BTC = 259.23000000€,-0.63%
2015-07-18,1 BTC = 254.96000000€,-1.67%
2015-07-19,1 BTC = 257.20000000€,0.87%
2015-07-20,1 BTC = 254.26000000€,-1.16%
2015-07-21,1 BTC = 252.70000000€,-0.62%
2015-07-22,1 BTC = 255.00000000€,0.9%
2015-07-23,1 BTC = 251.98000000€,-1.2%
2015-07-24,1 BTC = 253.17000000€,0.47%
2015-07-25,1 BTC = 251.50000000€,-0.66%
2015-07-26,1 BTC = 260.92000000€,3.61%
2015-07-27,1 BTC = 262.29000000€,0.52%
2015-07-28,1 BTC = 263.94000000€,0.63%
2015-07-29,1 BTC = 263.33000000€,-0.23%
2015-07-30,1 BTC = 264.96000000€,0.62%
2015-07-31,1 BTC = 262.69000000€,-0.86%
2015-08-01,1 BTC = 263.44000000€,0.28%
2015-08-02,1 BTC = 259.32000000€,-1.59%
2015-08-03,1 BTC = 258.02000000€,-0.5%
2015-08-04,1 BTC = 258.16000000€,0.05%
2015-08-05,1 BTC = 259.15000000€,0.38%
2015-08-06,1 BTC = 261.29000000€,0.82%
2015-08-07,1 BTC = 259.36000000€,-0.74%
2015-08-08,1 BTC = 255.71000000€,-1.43%
2015-08-09,1 BTC = 256.25000000€,0.21%
2015-08-10,1 BTC = 240.20000000€,-6.68%
2015-08-11,1 BTC = 243.91000000€,1.52%
2015-08-12,1 BTC = 241.68000000€,-0.92%
2015-08-13,1 BTC = 245.76000000€,1.66%
2015-08-14,1 BTC = 242.77000000€,-1.23%
2015-08-15,1 BTC = 238.63000000€,-1.73%
2015-08-16,1 BTC = 241.48000000€,1.18%
2015-08-17,1 BTC = 239.01000000€,-1.03%
2015-08-18,1 BTC = 236.59000000€,-1.02%
2015-08-19,1 BTC = 234.69000000€,-0.81%
2015-08-20,1 BTC = 230.01000000€,-2.03%
2015-08-21,1 BTC = 206.99000000€,-11.12%
2015-08-22,1 BTC = 212.13000000€,2.42%
2015-08-23,1 BTC = 207.26000000€,-2.35%
2015-08-24,1 BTC = 204.49000000€,-1.35%
2015-08-25,1 BTC = 201.67000000€,-1.4%
2015-08-26,1 BTC = 186.01000000€,-8.42%
2015-08-27,1 BTC = 194.68000000€,4.45%
2015-08-28,1 BTC = 200.81000000€,3.05%
2015-08-29,1 BTC = 199.84000000€,-0.49%
2015-08-30,1 BTC = 208.18000000€,4.01%
2015-08-31,1 BTC = 205.06000000€,-1.52%
2015-09-01,1 BTC = 204.65000000€,-0.2%
2015-09-02,1 BTC = 206.19000000€,0.75%
2015-09-03,1 BTC = 202.54000000€,-1.8%
2015-09-04,1 BTC = 204.71000000€,1.06%
2015-09-05,1 BTC = 203.59000000€,-0.55%
2015-09-06,1 BTC = 207.19000000€,1.74%
2015-09-07,1 BTC = 211.32000000€,1.95%
2015-09-08,1 BTC = 215.57000000€,1.97%
2015-09-09,1 BTC = 214.71000000€,-0.4%
2015-09-10,1 BTC = 217.95000000€,1.49%
2015-09-11,1 BTC = 213.29000000€,-2.18%
2015-09-12,1 BTC = 212.22000000€,-0.5%
2015-09-13,1 BTC = 212.81000000€,0.28%
2015-09-14,1 BTC = 209.31000000€,-1.67%
2015-09-15,1 BTC = 203.40000000€,-2.91%
2015-09-16,1 BTC = 204.14000000€,0.36%
2015-09-17,1 BTC = 204.70000000€,0.27%
2015-09-18,1 BTC = 202.85000000€,-0.91%
2015-09-19,1 BTC = 204.49000000€,0.8%
2015-09-20,1 BTC = 205.79000000€,0.63%
2015-09-21,1 BTC = 203.71000000€,-1.02%
2015-09-22,1 BTC = 204.80000000€,0.53%
2015-09-23,1 BTC = 202.46000000€,-1.16%
2015-09-24,1 BTC = 206.44000000€,1.93%
2015-09-25,1 BTC = 205.53000000€,-0.44%
2015-09-26,1 BTC = 208.81000000€,1.57%
2015-09-27,1 BTC = 209.73000000€,0.44%
2015-09-28,1 BTC = 209.17000000€,-0.27%
2015-09-29,1 BTC = 207.77000000€,-0.67%
2015-09-30,1 BTC = 213.23000000€,2.56%
2015-10-01,1 BTC = 211.19000000€,-0.97%
2015-10-02,1 BTC = 211.14000000€,-0.02%
2015-10-03,1 BTC = 212.93000000€,0.84%
2015-10-04,1 BTC = 211.22000000€,-0.81%
2015-10-05,1 BTC = 212.56000000€,0.63%
2015-10-06,1 BTC = 212.64000000€,0.04%
2015-10-07,1 BTC = 214.49000000€,0.86%
2015-10-08,1 BTC = 218.48000000€,1.83%
2015-10-09,1 BTC = 216.63000000€,-0.85%
2015-10-10,1 BTC = 215.38000000€,-0.58%
2015-10-11,1 BTC = 215.57000000€,0.09%
2015-10-12,1 BTC = 215.61000000€,0.02%
2015-10-13,1 BTC = 217.26000000€,0.76%
2015-10-14,1 BTC = 216.49000000€,-0.36%
2015-10-15,1 BTC = 218.23000000€,0.8%
2015-10-16,1 BTC = 220.17000000€,0.88%
2015-10-17,1 BTC = 223.13000000€,1.33%
2015-10-18,1 BTC = 230.51000000€,3.2%
2015-10-19,1 BTC = 235.51000000€,2.12%
2015-10-20,1 BTC = 229.59000000€,-2.58%
2015-10-21,1 BTC = 232.53000000€,1.26%
2015-10-22,1 BTC = 237.44000000€,2.07%
2015-10-23,1 BTC = 234.78000000€,-1.13%
2015-10-24,1 BTC = 246.46000000€,4.74%
2015-10-25,1 BTC = 250.32000000€,1.54%
2015-10-26,1 BTC = 255.85000000€,2.16%
2015-10-27,1 BTC = 260.05000000€,1.62%
2015-10-28,1 BTC = 257.79000000€,-0.88%
2015-10-29,1 BTC = 265.79000000€,3.01%
2015-10-30,1 BTC = 276.79000000€,3.97%
2015-10-31,1 BTC = 284.68000000€,2.77%
2015-11-01,1 BTC = 296.65000000€,4.04%
2015-11-02,1 BTC = 282.41000000€,-5.04%
2015-11-03,1 BTC = 296.09000000€,4.62%
2015-11-04,1 BTC = 318.50000000€,7.04%
2015-11-05,1 BTC = 360.02000000€,11.53%
2015-11-06,1 BTC = 368.09000000€,2.19%
2015-11-07,1 BTC = 349.52000000€,-5.31%
2015-11-08,1 BTC = 342.73000000€,-1.98%
2015-11-09,1 BTC = 357.93000000€,4.25%
2015-11-10,1 BTC = 346.22000000€,-3.38%
2015-11-11,1 BTC = 352.13000000€,1.68%
2015-11-12,1 BTC = 315.33000000€,-11.67%
2015-11-13,1 BTC = 286.21000000€,-10.17%
2015-11-14,1 BTC = 309.10000000€,7.41%
2015-11-15,1 BTC = 312.61000000€,1.12%
2015-11-16,1 BTC = 309.63000000€,-0.96%
2015-11-17,1 BTC = 298.41000000€,-3.76%
2015-11-18,1 BTC = 309.68000000€,3.64%
2015-11-19,1 BTC = 314.69000000€,1.59%
2015-11-20,1 BTC = 315.92000000€,0.39%
2015-11-21,1 BTC = 304.28000000€,-3.83%
2015-11-22,1 BTC = 301.92000000€,-0.78%
2015-11-23,1 BTC = 305.75000000€,1.25%
2015-11-24,1 BTC = 304.27000000€,-0.49%
2015-11-25,1 BTC = 304.01000000€,-0.09%
2015-11-26,1 BTC = 300.15000000€,-1.29%
2015-11-27,1 BTC = 308.84000000€,2.81%
2015-11-28,1 BTC = 336.43000000€,8.2%
2015-11-29,1 BTC = 340.90000000€,1.31%
2015-11-30,1 BTC = 337.09000000€,-1.13%
2015-12-01,1 BTC = 351.09000000€,3.99%
2015-12-02,1 BTC = 357.20000000€,1.71%
2015-12-03,1 BTC = 342.33000000€,-4.34%
2015-12-04,1 BTC = 339.90000000€,-0.71%
2015-12-05,1 BTC = 331.71000000€,-2.47%
2015-12-06,1 BTC = 334.91000000€,0.96%
2015-12-07,1 BTC = 352.72000000€,5.05%
2015-12-08,1 BTC = 361.74000000€,2.49%
2015-12-09,1 BTC = 363.80000000€,0.57%
2015-12-10,1 BTC = 376.84000000€,3.46%
2015-12-11,1 BTC = 377.31000000€,0.12%
2015-12-12,1 BTC = 379.72000000€,0.63%
2015-12-13,1 BTC = 404.58000000€,6.14%
2015-12-14,1 BTC = 393.89000000€,-2.71%
2015-12-15,1 BTC = 395.59000000€,0.43%
2015-12-16,1 BTC = 401.06000000€,1.36%
2015-12-17,1 BTC = 421.85000000€,4.93%
2015-12-18,1 BTC = 413.98000000€,-1.9%
2015-12-19,1 BTC = 418.48000000€,1.08%
2015-12-20,1 BTC = 425.07000000€,1.55%
2015-12-21,1 BTC = 424.75000000€,-0.08%
2015-12-22,1 BTC = 407.26000000€,-4.29%
2015-12-23,1 BTC = 400.17000000€,-1.77%
2015-12-24,1 BTC = 397.60000000€,-0.65%
2015-12-25,1 BTC = 405.30000000€,1.9%
2015-12-26,1 BTC = 414.87000000€,2.31%
2015-12-27,1 BTC = 414.88000000€,0%
2015-12-28,1 BTC = 381.71000000€,-8.69%
2015-12-29,1 BTC = 387.80000000€,1.57%
2015-12-30,1 BTC = 384.32000000€,-0.91%
2015-12-31,1 BTC = 395.16000000€,2.74%
2016-01-01,1 BTC = 391.97000000€,-0.81%
2016-01-02,1 BTC = 396.94000000€,1.25%
2016-01-03,1 BTC = 400.52000000€,0.89%
2016-01-04,1 BTC = 399.81000000€,-0.18%
2016-01-05,1 BTC = 396.66000000€,-0.79%
2016-01-06,1 BTC = 400.14000000€,0.87%
2016-01-07,1 BTC = 401.80000000€,0.41%
2016-01-08,1 BTC = 401.23000000€,-0.14%
2016-01-09,1 BTC = 419.31000000€,4.31%
2016-01-10,1 BTC = 415.82000000€,-0.84%
2016-01-11,1 BTC = 412.17000000€,-0.89%
2016-01-12,1 BTC = 410.07000000€,-0.51%
2016-01-13,1 BTC = 415.18000000€,1.23%
2016-01-14,1 BTC = 412.73000000€,-0.59%
2016-01-15,1 BTC = 399.57000000€,-3.29%
2016-01-16,1 BTC = 397.04000000€,-0.64%
2016-01-17,1 BTC = 343.91000000€,-15.45%
2016-01-18,1 BTC = 356.13000000€,3.43%
2016-01-19,1 BTC = 352.53000000€,-1.02%
2016-01-20,1 BTC = 355.22000000€,0.76%
2016-01-21,1 BTC = 349.22000000€,-1.72%
2016-01-22,1 BTC = 380.93000000€,8.32%
2016-01-23,1 BTC = 378.66000000€,-0.6%
2016-01-24,1 BTC = 358.23000000€,-5.7%
2016-01-25,1 BTC = 359.76000000€,0.43%
2016-01-26,1 BTC = 373.67000000€,3.72%
2016-01-27,1 BTC = 363.26000000€,-2.87%
2016-01-28,1 BTC = 361.88000000€,-0.38%
2016-01-29,1 BTC = 363.67000000€,0.49%
2016-01-30,1 BTC = 348.90000000€,-4.23%
2016-01-31,1 BTC = 351.06000000€,0.62%
2016-02-01,1 BTC = 349.27000000€,-0.51%
2016-02-02,1 BTC = 343.26000000€,-1.75%
2016-02-03,1 BTC = 342.57000000€,-0.2%
2016-02-04,1 BTC = 342.95000000€,0.11%
2016-02-05,1 BTC = 333.17000000€,-2.94%
2016-02-06,1 BTC = 348.87000000€,4.5%
2016-02-07,1 BTC = 344.77000000€,-1.19%
2016-02-08,1 BTC = 336.65000000€,-2.41%
2016-02-09,1 BTC = 335.48000000€,-0.35%
2016-02-10,1 BTC = 331.90000000€,-1.08%
2016-02-11,1 BTC = 333.18000000€,0.38%
2016-02-12,1 BTC = 336.79000000€,1.07%
2016-02-13,1 BTC = 334.10000000€,-0.81%
2016-02-14,1 BTC = 339.84000000€,1.69%
2016-02-15,1 BTC = 344.50000000€,1.35%
2016-02-16,1 BTC = 357.96000000€,3.76%
2016-02-17,1 BTC = 357.07000000€,-0.25%
2016-02-18,1 BTC = 364.23000000€,1.97%
2016-02-19,1 BTC = 373.62000000€,2.51%
2016-02-20,1 BTC = 379.01000000€,1.42%
2016-02-21,1 BTC = 376.20000000€,-0.75%
2016-02-22,1 BTC = 394.96000000€,4.75%
2016-02-23,1 BTC = 391.08000000€,-0.99%
2016-02-24,1 BTC = 393.63000000€,0.65%
2016-02-25,1 BTC = 380.85000000€,-3.36%
2016-02-26,1 BTC = 383.31000000€,0.64%
2016-02-27,1 BTC = 383.82000000€,0.13%
2016-02-28,1 BTC = 391.06000000€,1.85%
2016-02-29,1 BTC = 393.98000000€,0.74%
2016-03-01,1 BTC = 393.28000000€,-0.18%
2016-03-02,1 BTC = 398.29000000€,1.26%
2016-03-03,1 BTC = 397.45000000€,-0.21%
2016-03-04,1 BTC = 390.29000000€,-1.83%
2016-03-05,1 BTC = 384.18000000€,-1.59%
2016-03-06,1 BTC = 371.52000000€,-3.41%
2016-03-07,1 BTC = 360.16000000€,-3.15%
2016-03-08,1 BTC = 366.46000000€,1.72%
2016-03-09,1 BTC = 375.24000000€,2.34%
2016-03-10,1 BTC = 373.90000000€,-0.36%
2016-03-11,1 BTC = 375.02000000€,0.3%
2016-03-12,1 BTC = 373.03000000€,-0.53%
2016-03-13,1 BTC = 375.71000000€,0.71%
2016-03-14,1 BTC = 367.35000000€,-2.28%
2016-03-15,1 BTC = 367.83000000€,0.13%
2016-03-16,1 BTC = 373.95000000€,1.64%
2016-03-17,1 BTC = 374.07000000€,0.03%
2016-03-18,1 BTC = 372.32000000€,-0.47%
2016-03-19,1 BTC = 371.53000000€,-0.21%
2016-03-20,1 BTC = 364.43000000€,-1.95%
2016-03-21,1 BTC = 364.47000000€,0.01%
2016-03-22,1 BTC = 367.09000000€,0.71%
2016-03-23,1 BTC = 366.87000000€,-0.06%
2016-03-24,1 BTC = 371.49000000€,1.24%
2016-03-25,1 BTC = 372.59000000€,0.3%
2016-03-26,1 BTC = 372.43000000€,-0.04%
2016-03-27,1 BTC = 373.37000000€,0.25%
2016-03-28,1 BTC = 374.12000000€,0.2%
2016-03-29,1 BTC = 381.55000000€,1.95%
2016-03-30,1 BTC = 378.30000000€,-0.86%
2016-03-31,1 BTC = 369.52000000€,-2.38%
2016-04-01,1 BTC = 364.78000000€,-1.3%
2016-04-02,1 BTC = 367.41000000€,0.72%
2016-04-03,1 BTC = 367.35000000€,-0.02%
2016-04-04,1 BTC = 369.95000000€,0.7%
2016-04-05,1 BTC = 369.75000000€,-0.05%
2016-04-06,1 BTC = 369.65000000€,-0.03%
2016-04-07,1 BTC = 372.66000000€,0.81%
2016-04-08,1 BTC = 371.18000000€,-0.4%
2016-04-09,1 BTC = 370.93000000€,-0.07%
2016-04-10,1 BTC = 369.12000000€,-0.49%
2016-04-11,1 BTC = 368.39000000€,-0.2%
2016-04-12,1 BTC = 369.67000000€,0.35%
2016-04-13,1 BTC = 370.90000000€,0.33%
2016-04-14,1 BTC = 374.28000000€,0.9%
2016-04-15,1 BTC = 375.47000000€,0.32%
2016-04-16,1 BTC = 377.09000000€,0.43%
2016-04-17,1 BTC = 380.94000000€,1.01%
2016-04-18,1 BTC = 382.21000000€,0.33%
2016-04-19,1 BTC = 378.39000000€,-1.01%
2016-04-20,1 BTC = 379.01000000€,0.16%
2016-04-21,1 BTC = 383.98000000€,1.29%
2016-04-22,1 BTC = 390.89000000€,1.77%
2016-04-23,1 BTC = 398.36000000€,1.88%
2016-04-24,1 BTC = 397.70000000€,-0.17%
2016-04-25,1 BTC = 400.93000000€,0.81%
2016-04-26,1 BTC = 408.15000000€,1.77%
2016-04-27,1 BTC = 412.29000000€,1%
2016-04-28,1 BTC = 414.23000000€,0.47%
2016-04-29,1 BTC = 396.50000000€,-4.47%
2016-04-30,1 BTC = 397.71000000€,0.3%
2016-05-01,1 BTC = 399.16000000€,0.36%
2016-05-02,1 BTC = 391.17000000€,-2.04%
2016-05-03,1 BTC = 395.39000000€,1.07%
2016-05-04,1 BTC = 387.01000000€,-2.17%
2016-05-05,1 BTC = 393.34000000€,1.61%
2016-05-06,1 BTC = 389.94000000€,-0.87%
2016-05-07,1 BTC = 394.08000000€,1.05%
2016-05-08,1 BTC = 404.14000000€,2.49%
2016-05-09,1 BTC = 403.05000000€,-0.27%
2016-05-10,1 BTC = 402.66000000€,-0.1%
2016-05-11,1 BTC = 406.71000000€,1%
2016-05-12,1 BTC = 397.21000000€,-2.39%
2016-05-13,1 BTC = 397.24000000€,0.01%
2016-05-14,1 BTC = 400.65000000€,0.85%
2016-05-15,1 BTC = 403.42000000€,0.69%
2016-05-16,1 BTC = 403.34000000€,-0.02%
2016-05-17,1 BTC = 404.94000000€,0.4%
2016-05-18,1 BTC = 401.91000000€,-0.75%
2016-05-19,1 BTC = 402.41000000€,0.12%
2016-05-20,1 BTC = 403.60000000€,0.29%
2016-05-21,1 BTC = 393.49000000€,-2.57%
2016-05-22,1 BTC = 395.47000000€,0.5%
2016-05-23,1 BTC = 395.61000000€,0.04%
2016-05-24,1 BTC = 391.66000000€,-1.01%
2016-05-25,1 BTC = 394.80000000€,0.8%
2016-05-26,1 BTC = 399.38000000€,1.15%
2016-05-27,1 BTC = 402.43000000€,0.76%
2016-05-28,1 BTC = 404.15000000€,0.43%
2016-05-29,1 BTC = 423.33000000€,4.53%
2016-05-30,1 BTC = 471.08000000€,10.14%
2016-05-31,1 BTC = 465.49000000€,-1.2%
2016-06-01,1 BTC = 476.46000000€,2.3%
2016-06-02,1 BTC = 477.49000000€,0.22%
2016-06-03,1 BTC = 480.81000000€,0.69%
2016-06-04,1 BTC = 482.39000000€,0.33%
2016-06-05,1 BTC = 500.79000000€,3.67%
2016-06-06,1 BTC = 504.86000000€,0.81%
2016-06-07,1 BTC = 506.19000000€,0.26%
2016-06-08,1 BTC = 514.35000000€,1.59%
2016-06-09,1 BTC = 508.62000000€,-1.13%
2016-06-10,1 BTC = 510.30000000€,0.33%
2016-06-11,1 BTC = 509.93000000€,-0.07%
2016-06-12,1 BTC = 515.56000000€,1.09%
2016-06-13,1 BTC = 529.18000000€,2.57%
2016-06-14,1 BTC = 592.24000000€,10.65%
2016-06-15,1 BTC = 623.02000000€,4.94%
2016-06-16,1 BTC = 613.28000000€,-1.59%
2016-06-17,1 BTC = 617.05000000€,0.61%
2016-06-18,1 BTC = 683.49000000€,9.72%
2016-06-19,1 BTC = 664.31000000€,-2.89%
2016-06-20,1 BTC = 672.90000000€,1.28%
2016-06-21,1 BTC = 676.87000000€,0.59%
2016-06-22,1 BTC = 648.84000000€,-4.32%
2016-06-23,1 BTC = 597.47000000€,-8.6%
2016-06-24,1 BTC = 527.59000000€,-13.25%
2016-06-25,1 BTC = 550.64000000€,4.19%
2016-06-26,1 BTC = 605.31000000€,9.03%
2016-06-27,1 BTC = 608.11000000€,0.46%
2016-06-28,1 BTC = 574.82000000€,-5.79%
2016-06-29,1 BTC = 592.13000000€,2.92%
2016-06-30,1 BTC = 587.50000000€,-0.79%
2016-07-01,1 BTC = 575.33000000€,-2.12%
2016-07-02,1 BTC = 607.76000000€,5.34%
2016-07-03,1 BTC = 609.29000000€,0.25%
2016-07-04,1 BTC = 630.64000000€,3.39%
2016-07-05,1 BTC = 599.40000000€,-5.21%
2016-07-06,1 BTC = 611.72000000€,2.01%
2016-07-07,1 BTC = 608.31000000€,-0.56%
2016-07-08,1 BTC = 613.05000000€,0.77%
2016-07-09,1 BTC = 581.37000000€,-5.45%
2016-07-10,1 BTC = 606.77000000€,4.19%
2016-07-11,1 BTC = 595.04000000€,-1.97%
2016-07-12,1 BTC = 589.18000000€,-0.99%
2016-07-13,1 BTC = 589.05000000€,-0.02%
2016-07-14,1 BTC = 610.55000000€,3.52%
2016-07-15,1 BTC = 598.04000000€,-2.09%
2016-07-16,1 BTC = 597.15000000€,-0.15%
2016-07-17,1 BTC = 604.76000000€,1.26%
2016-07-18,1 BTC = 603.56000000€,-0.2%
2016-07-19,1 BTC = 614.50000000€,1.78%
2016-07-20,1 BTC = 610.71000000€,-0.62%
2016-07-21,1 BTC = 611.56000000€,0.14%
2016-07-22,1 BTC = 606.22000000€,-0.88%
2016-07-23,1 BTC = 604.08000000€,-0.35%
2016-07-24,1 BTC = 594.42000000€,-1.63%
2016-07-25,1 BTC = 600.93000000€,1.08%
2016-07-26,1 BTC = 603.10000000€,0.36%
2016-07-27,1 BTC = 594.34000000€,-1.47%
2016-07-28,1 BTC = 594.11000000€,-0.04%
2016-07-29,1 BTC = 593.15000000€,-0.16%
2016-07-30,1 BTC = 591.92000000€,-0.21%
2016-07-31,1 BTC = 588.61000000€,-0.56%
2016-08-01,1 BTC = 585.32000000€,-0.56%
2016-08-02,1 BTC = 555.89000000€,-5.29%
2016-08-03,1 BTC = 535.12000000€,-3.88%
2016-08-04,1 BTC = 457.19000000€,-17.05%
2016-08-05,1 BTC = 509.90000000€,10.34%
2016-08-06,1 BTC = 524.54000000€,2.79%
2016-08-07,1 BTC = 522.72000000€,-0.35%
2016-08-08,1 BTC = 534.73000000€,2.25%
2016-08-09,1 BTC = 539.90000000€,0.96%
2016-08-10,1 BTC = 537.13000000€,-0.52%
2016-08-11,1 BTC = 531.42000000€,-1.07%
2016-08-12,1 BTC = 530.47000000€,-0.18%
2016-08-13,1 BTC = 529.85000000€,-0.12%
2016-08-14,1 BTC = 527.15000000€,-0.51%
2016-08-15,1 BTC = 525.39000000€,-0.33%
2016-08-16,1 BTC = 510.88000000€,-2.84%
2016-08-17,1 BTC = 509.21000000€,-0.33%
2016-08-18,1 BTC = 515.92000000€,1.3%
2016-08-19,1 BTC = 508.65000000€,-1.43%
2016-08-20,1 BTC = 507.43000000€,-0.24%
2016-08-21,1 BTC = 509.32000000€,0.37%
2016-08-22,1 BTC = 515.09000000€,1.12%
2016-08-23,1 BTC = 513.72000000€,-0.27%
2016-08-24,1 BTC = 519.16000000€,1.05%
2016-08-25,1 BTC = 516.06000000€,-0.6%
2016-08-26,1 BTC = 515.00000000€,-0.21%
2016-08-27,1 BTC = 511.39000000€,-0.71%
2016-08-28,1 BTC = 516.42000000€,0.97%
2016-08-29,1 BTC = 508.91000000€,-1.48%
2016-08-30,1 BTC = 511.98000000€,0.6%
2016-08-31,1 BTC = 512.32000000€,0.07%
2016-09-01,1 BTC = 516.43000000€,0.8%
2016-09-02,1 BTC = 513.07000000€,-0.65%
2016-09-03,1 BTC = 510.22000000€,-0.56%
2016-09-04,1 BTC = 513.85000000€,0.71%
2016-09-05,1 BTC = 531.48000000€,3.32%
2016-09-06,1 BTC = 542.00000000€,1.94%
2016-09-07,1 BTC = 542.18000000€,0.03%
2016-09-08,1 BTC = 542.75000000€,0.11%
2016-09-09,1 BTC = 547.18000000€,0.81%
2016-09-10,1 BTC = 556.03000000€,1.59%
2016-09-11,1 BTC = 554.62000000€,-0.25%
2016-09-12,1 BTC = 556.53000000€,0.34%
2016-09-13,1 BTC = 539.56000000€,-3.15%
2016-09-14,1 BTC = 541.30000000€,0.32%
2016-09-15,1 BTC = 544.45000000€,0.58%
2016-09-16,1 BTC = 544.00000000€,-0.08%
2016-09-17,1 BTC = 541.64000000€,-0.44%
2016-09-18,1 BTC = 544.21000000€,0.47%
2016-09-19,1 BTC = 542.79000000€,-0.26%
2016-09-20,1 BTC = 545.16000000€,0.43%
2016-09-21,1 BTC = 543.91000000€,-0.23%
2016-09-22,1 BTC = 544.62000000€,0.13%
2016-09-23,1 BTC = 533.97000000€,-1.99%
2016-09-24,1 BTC = 531.30000000€,-0.5%
2016-09-25,1 BTC = 537.90000000€,1.23%
2016-09-26,1 BTC = 539.34000000€,0.27%
2016-09-27,1 BTC = 536.01000000€,-0.62%
2016-09-28,1 BTC = 541.30000000€,0.98%
2016-09-29,1 BTC = 542.14000000€,0.15%
2016-09-30,1 BTC = 541.75000000€,-0.07%
2016-10-01,1 BTC = 540.34000000€,-0.26%
2016-10-02,1 BTC = 545.30000000€,0.91%
2016-10-03,1 BTC = 549.89000000€,0.83%
2016-10-04,1 BTC = 545.72000000€,-0.76%
2016-10-05,1 BTC = 546.90000000€,0.22%
2016-10-06,1 BTC = 546.71000000€,-0.03%
2016-10-07,1 BTC = 549.96000000€,0.59%
2016-10-08,1 BTC = 550.68000000€,0.13%
2016-10-09,1 BTC = 556.12000000€,0.98%
2016-10-10,1 BTC = 555.59000000€,-0.1%
2016-10-11,1 BTC = 552.88000000€,-0.49%
2016-10-12,1 BTC = 556.09000000€,0.58%
2016-10-13,1 BTC = 582.24000000€,4.49%
2016-10-14,1 BTC = 579.33000000€,-0.5%
2016-10-15,1 BTC = 574.85000000€,-0.78%
2016-10-16,1 BTC = 583.05000000€,1.41%
2016-10-17,1 BTC = 582.64000000€,-0.07%
2016-10-18,1 BTC = 585.22000000€,0.44%
2016-10-19,1 BTC = 581.18000000€,-0.7%
2016-10-20,1 BTC = 582.04000000€,0.15%
2016-10-21,1 BTC = 576.29000000€,-1%
2016-10-22,1 BTC = 579.09000000€,0.48%
2016-10-23,1 BTC = 582.17000000€,0.53%
2016-10-24,1 BTC = 601.69000000€,3.24%
2016-10-25,1 BTC = 599.90000000€,-0.3%
2016-10-26,1 BTC = 600.17000000€,0.04%
2016-10-27,1 BTC = 601.59000000€,0.24%
2016-10-28,1 BTC = 620.56000000€,3.06%
2016-10-29,1 BTC = 628.72000000€,1.3%
2016-10-30,1 BTC = 628.12000000€,-0.1%
2016-10-31,1 BTC = 645.13000000€,2.64%
2016-11-01,1 BTC = 628.48000000€,-2.65%
2016-11-02,1 BTC = 634.14000000€,0.89%
2016-11-03,1 BTC = 658.54000000€,3.71%
2016-11-04,1 BTC = 662.53000000€,0.6%
2016-11-05,1 BTC = 618.44000000€,-7.13%
2016-11-06,1 BTC = 632.02000000€,2.15%
2016-11-07,1 BTC = 631.84000000€,-0.03%
2016-11-08,1 BTC = 639.95000000€,1.27%
2016-11-09,1 BTC = 637.74000000€,-0.35%
2016-11-10,1 BTC = 646.54000000€,1.36%
2016-11-11,1 BTC = 661.01000000€,2.19%
2016-11-12,1 BTC = 657.80000000€,-0.49%
2016-11-13,1 BTC = 660.61000000€,0.43%
2016-11-14,1 BTC = 647.53000000€,-2.02%
2016-11-15,1 BTC = 647.24000000€,-0.04%
2016-11-16,1 BTC = 657.94000000€,1.63%
2016-11-17,1 BTC = 663.66000000€,0.86%
2016-11-18,1 BTC = 694.09000000€,4.38%
2016-11-19,1 BTC = 694.20000000€,0.02%
2016-11-20,1 BTC = 704.57000000€,1.47%
2016-11-21,1 BTC = 708.45000000€,0.55%
2016-11-22,1 BTC = 688.20000000€,-2.94%
2016-11-23,1 BTC = 694.84000000€,0.96%
2016-11-24,1 BTC = 707.35000000€,1.77%
2016-11-25,1 BTC = 705.33000000€,-0.29%
2016-11-26,1 BTC = 700.76000000€,-0.65%
2016-11-27,1 BTC = 701.90000000€,0.16%
2016-11-28,1 BTC = 696.55000000€,-0.77%
2016-11-29,1 BTC = 693.33000000€,-0.46%
2016-11-30,1 BTC = 695.09000000€,0.25%
2016-12-01,1 BTC = 691.61000000€,-0.5%
2016-12-02,1 BTC = 703.65000000€,1.71%
2016-12-03,1 BTC = 709.97000000€,0.89%
2016-12-04,1 BTC = 730.59000000€,2.82%
2016-12-05,1 BTC = 727.75000000€,-0.39%
2016-12-06,1 BTC = 732.25000000€,0.61%
2016-12-07,1 BTC = 714.70000000€,-2.46%
2016-12-08,1 BTC = 717.94000000€,0.45%
2016-12-09,1 BTC = 722.18000000€,0.59%
2016-12-10,1 BTC = 730.17000000€,1.09%
2016-12-11,1 BTC = 734.11000000€,0.54%
2016-12-12,1 BTC = 736.74000000€,0.36%
2016-12-13,1 BTC = 740.66000000€,0.53%
2016-12-14,1 BTC = 739.27000000€,-0.19%
2016-12-15,1 BTC = 740.04000000€,0.1%
2016-12-16,1 BTC = 739.26000000€,-0.11%
2016-12-17,1 BTC = 747.91000000€,1.16%
2016-12-18,1 BTC = 752.86000000€,0.66%
2016-12-19,1 BTC = 760.05000000€,0.95%
2016-12-20,1 BTC = 759.18000000€,-0.11%
2016-12-21,1 BTC = 764.64000000€,0.71%
2016-12-22,1 BTC = 776.29000000€,1.5%
2016-12-23,1 BTC = 796.26000000€,2.51%
2016-12-24,1 BTC = 825.53000000€,3.55%
2016-12-25,1 BTC = 881.88000000€,6.39%
2016-12-26,1 BTC = 855.02000000€,-3.14%
2016-12-27,1 BTC = 858.60000000€,0.42%
2016-12-28,1 BTC = 863.07000000€,0.52%
2016-12-29,1 BTC = 888.46000000€,2.86%
2016-12-30,1 BTC = 936.44000000€,5.12%
2016-12-31,1 BTC = 930.84000000€,-0.6%
2017-01-01,1 BTC = 913.45000000€,-1.9%
2017-01-02,1 BTC = 913.70000000€,0.03%
2017-01-03,1 BTC = 946.47000000€,3.46%
2017-01-04,1 BTC = 973.48000000€,2.77%
2017-01-05,1 BTC = 990.37000000€,1.71%
2017-01-06,1 BTC = 1073.81000000€,7.77%
2017-01-07,1 BTC = 941.38000000€,-14.07%
2017-01-08,1 BTC = 846.85000000€,-11.16%
2017-01-09,1 BTC = 854.12000000€,0.85%
2017-01-10,1 BTC = 866.14000000€,1.39%
2017-01-11,1 BTC = 859.78000000€,-0.74%
2017-01-12,1 BTC = 866.43000000€,0.77%
2017-01-13,1 BTC = 750.87000000€,-15.39%
2017-01-14,1 BTC = 771.50000000€,2.67%
2017-01-15,1 BTC = 781.57000000€,1.29%
2017-01-16,1 BTC = 770.39000000€,-1.45%
2017-01-17,1 BTC = 777.51000000€,0.92%
2017-01-18,1 BTC = 789.56000000€,1.53%
2017-01-19,1 BTC = 855.16000000€,7.67%
2017-01-20,1 BTC = 827.91000000€,-3.29%
2017-01-21,1 BTC = 843.65000000€,1.87%
2017-01-22,1 BTC = 841.11000000€,-0.3%
2017-01-23,1 BTC = 864.59000000€,2.72%
2017-01-24,1 BTC = 862.01000000€,-0.3%
2017-01-25,1 BTC = 862.57000000€,0.06%
2017-01-26,1 BTC = 838.05000000€,-2.93%
2017-01-27,1 BTC = 836.72000000€,-0.16%
2017-01-28,1 BTC = 859.85000000€,2.69%
2017-01-29,1 BTC = 860.77000000€,0.11%
2017-01-30,1 BTC = 861.51000000€,0.09%
2017-01-31,1 BTC = 856.49000000€,-0.59%
2017-02-01,1 BTC = 861.99000000€,0.64%
2017-02-02,1 BTC = 900.53000000€,4.28%
2017-02-03,1 BTC = 918.95000000€,2%
2017-02-04,1 BTC = 938.11000000€,2.04%
2017-02-05,1 BTC = 942.19000000€,0.43%
2017-02-06,1 BTC = 959.79000000€,1.83%
2017-02-07,1 BTC = 943.85000000€,-1.69%
2017-02-08,1 BTC = 953.77000000€,1.04%
2017-02-09,1 BTC = 987.91000000€,3.46%
2017-02-10,1 BTC = 990.85000000€,0.3%
2017-02-11,1 BTC = 921.34000000€,-7.54%
2017-02-12,1 BTC = 940.80000000€,2.07%
2017-02-13,1 BTC = 950.40000000€,1.01%
2017-02-14,1 BTC = 945.91000000€,-0.47%
2017-02-15,1 BTC = 944.51000000€,-0.15%
2017-02-16,1 BTC = 957.38000000€,1.34%
2017-02-17,1 BTC = 958.91000000€,0.16%
2017-02-18,1 BTC = 979.32000000€,2.08%
2017-02-19,1 BTC = 993.00000000€,1.38%
2017-02-20,1 BTC = 998.12000000€,0.51%
2017-02-21,1 BTC = 991.58000000€,-0.66%
2017-02-22,1 BTC = 1019.55000000€,2.74%
2017-02-23,1 BTC = 1063.66000000€,4.15%
2017-02-24,1 BTC = 1065.55000000€,0.18%
2017-02-25,1 BTC = 1113.34000000€,4.29%
2017-02-26,1 BTC = 1119.65000000€,0.56%
2017-02-27,1 BTC = 1090.37000000€,-2.69%
2017-02-28,1 BTC = 1110.13000000€,1.78%
2017-03-01,1 BTC = 1124.17000000€,1.25%
2017-03-02,1 BTC = 1119.77000000€,-0.39%
2017-03-03,1 BTC = 1156.18000000€,3.15%
2017-03-04,1 BTC = 1193.46000000€,3.12%
2017-03-05,1 BTC = 1210.20000000€,1.38%
2017-03-06,1 BTC = 1189.72000000€,-1.72%
2017-03-07,1 BTC = 1192.98000000€,0.27%
2017-03-08,1 BTC = 1209.10000000€,1.33%
2017-03-09,1 BTC = 1167.45000000€,-3.57%
2017-03-10,1 BTC = 1073.95000000€,-8.71%
2017-03-11,1 BTC = 1127.61000000€,4.76%
2017-03-12,1 BTC = 1045.90000000€,-7.81%
2017-03-13,1 BTC = 1105.85000000€,5.42%
2017-03-14,1 BTC = 1148.07000000€,3.68%
2017-03-15,1 BTC = 1157.07000000€,0.78%
2017-03-16,1 BTC = 1166.83000000€,0.84%
2017-03-17,1 BTC = 1169.90000000€,0.26%
2017-03-18,1 BTC = 1078.74000000€,-8.45%
2017-03-19,1 BTC = 994.87000000€,-8.43%
2017-03-20,1 BTC = 883.13000000€,-12.65%
2017-03-21,1 BTC = 944.86000000€,6.53%
2017-03-22,1 BTC = 959.48000000€,1.52%
2017-03-23,1 BTC = 1024.58000000€,6.35%
2017-03-24,1 BTC = 957.05000000€,-7.06%
2017-03-25,1 BTC = 952.73000000€,-0.45%
2017-03-26,1 BTC = 858.40000000€,-10.99%
2017-03-27,1 BTC = 878.53000000€,2.29%
2017-03-28,1 BTC = 884.57000000€,0.68%
2017-03-29,1 BTC = 953.97000000€,7.27%
2017-03-30,1 BTC = 959.37000000€,0.56%
2017-03-31,1 BTC = 960.89000000€,0.16%
2017-04-01,1 BTC = 963.70000000€,0.29%
2017-04-02,1 BTC = 1006.92000000€,4.29%
2017-04-03,1 BTC = 1018.38000000€,1.13%
2017-04-04,1 BTC = 1028.39000000€,0.97%
2017-04-05,1 BTC = 1073.27000000€,4.18%
2017-04-06,1 BTC = 1065.98000000€,-0.68%
2017-04-07,1 BTC = 1060.21000000€,-0.54%
2017-04-08,1 BTC = 1127.15000000€,5.94%
2017-04-09,1 BTC = 1123.86000000€,-0.29%
2017-04-10,1 BTC = 1113.81000000€,-0.9%
2017-04-11,1 BTC = 1131.66000000€,1.58%
2017-04-12,1 BTC = 1134.48000000€,0.25%
2017-04-13,1 BTC = 1150.08000000€,1.36%
2017-04-14,1 BTC = 1138.22000000€,-1.04%
2017-04-15,1 BTC = 1103.49000000€,-3.15%
2017-04-16,1 BTC = 1111.42000000€,0.71%
2017-04-17,1 BTC = 1098.70000000€,-1.16%
2017-04-18,1 BTC = 1109.93000000€,1.01%
2017-04-19,1 BTC = 1116.08000000€,0.55%
2017-04-20,1 BTC = 1121.99000000€,0.53%
2017-04-21,1 BTC = 1127.57000000€,0.49%
2017-04-22,1 BTC = 1152.22000000€,2.14%
2017-04-23,1 BTC = 1158.34000000€,0.53%
2017-04-24,1 BTC = 1150.00000000€,-0.73%
2017-04-25,1 BTC = 1143.71000000€,-0.55%
2017-04-26,1 BTC = 1155.50000000€,1.02%
2017-04-27,1 BTC = 1168.51000000€,1.11%
2017-04-28,1 BTC = 1182.07000000€,1.15%
2017-04-29,1 BTC = 1214.77000000€,2.69%
2017-04-30,1 BTC = 1213.03000000€,-0.14%
2017-05-01,1 BTC = 1214.95000000€,0.16%
2017-05-02,1 BTC = 1226.32000000€,0.93%
2017-05-03,1 BTC = 1258.54000000€,2.56%
2017-05-04,1 BTC = 1317.71000000€,4.49%
2017-05-05,1 BTC = 1376.41000000€,4.26%
2017-05-06,1 BTC = 1385.32000000€,0.64%
2017-05-07,1 BTC = 1378.04000000€,-0.53%
2017-05-08,1 BTC = 1407.38000000€,2.08%
2017-05-09,1 BTC = 1418.82000000€,0.81%
2017-05-10,1 BTC = 1513.65000000€,6.26%
2017-05-11,1 BTC = 1572.26000000€,3.73%
2017-05-12,1 BTC = 1634.72000000€,3.82%
2017-05-13,1 BTC = 1690.57000000€,3.3%
2017-05-14,1 BTC = 1557.80000000€,-8.52%
2017-05-15,1 BTC = 1637.80000000€,4.88%
2017-05-16,1 BTC = 1641.25000000€,0.21%
2017-05-17,1 BTC = 1598.45000000€,-2.68%
2017-05-18,1 BTC = 1604.20000000€,0.36%
2017-05-19,1 BTC = 1648.68000000€,2.7%
2017-05-20,1 BTC = 1704.02000000€,3.25%
2017-05-21,1 BTC = 1751.84000000€,2.73%
2017-05-22,1 BTC = 1805.73000000€,2.98%
2017-05-23,1 BTC = 1803.60000000€,-0.12%
2017-05-24,1 BTC = 1858.53000000€,2.96%
2017-05-25,1 BTC = 1995.49000000€,6.86%
2017-05-26,1 BTC = 2124.19000000€,6.06%
2017-05-27,1 BTC = 1998.17000000€,-6.31%
2017-05-28,1 BTC = 1986.17000000€,-0.6%
2017-05-29,1 BTC = 1800.97000000€,-10.28%
2017-05-30,1 BTC = 1902.86000000€,5.35%
2017-05-31,1 BTC = 2043.19000000€,6.87%
2017-06-01,1 BTC = 1923.75000000€,-6.21%
2017-06-02,1 BTC = 2051.72000000€,6.24%
2017-06-03,1 BTC = 2132.19000000€,3.77%
2017-06-04,1 BTC = 2220.76000000€,3.99%
2017-06-05,1 BTC = 2269.98000000€,2.17%
2017-06-06,1 BTC = 2246.48000000€,-1.05%
2017-06-07,1 BTC = 2392.58000000€,6.11%
2017-06-08,1 BTC = 2553.86000000€,6.32%
2017-06-09,1 BTC = 2411.65000000€,-5.9%
2017-06-10,1 BTC = 2506.41000000€,3.78%
2017-06-11,1 BTC = 2534.67000000€,1.11%
2017-06-12,1 BTC = 2522.92000000€,-0.47%
2017-06-13,1 BTC = 2607.78000000€,3.25%
2017-06-14,1 BTC = 2337.44000000€,-11.57%
2017-06-15,1 BTC = 2405.65000000€,2.84%
2017-06-16,1 BTC = 2206.71000000€,-9.02%
2017-06-17,1 BTC = 2166.59000000€,-1.85%
2017-06-18,1 BTC = 2218.27000000€,2.33%
2017-06-19,1 BTC = 2356.50000000€,5.87%
2017-06-20,1 BTC = 2231.08000000€,-5.62%
2017-06-21,1 BTC = 2293.28000000€,2.71%
2017-06-22,1 BTC = 2440.94000000€,6.05%
2017-06-23,1 BTC = 2365.30000000€,-3.2%
2017-06-24,1 BTC = 2399.69000000€,1.43%
2017-06-25,1 BTC = 2404.03000000€,0.18%
2017-06-26,1 BTC = 2288.28000000€,-5.06%
2017-06-27,1 BTC = 2224.37000000€,-2.87%
2017-06-28,1 BTC = 2142.36000000€,-3.83%
2017-06-29,1 BTC = 2226.80000000€,3.79%
2017-06-30,1 BTC = 2248.93000000€,0.98%
2017-07-01,1 BTC = 2217.44000000€,-1.42%
2017-07-02,1 BTC = 2147.76000000€,-3.24%
2017-07-03,1 BTC = 2109.41000000€,-1.82%
2017-07-04,1 BTC = 2201.95000000€,4.2%
2017-07-05,1 BTC = 2249.87000000€,2.13%
2017-07-06,1 BTC = 2292.74000000€,1.87%
2017-07-07,1 BTC = 2296.27000000€,0.15%
2017-07-08,1 BTC = 2288.03000000€,-0.36%
2017-07-09,1 BTC = 2203.83000000€,-3.82%
2017-07-10,1 BTC = 2244.06000000€,1.79%
2017-07-11,1 BTC = 2206.51000000€,-1.7%
2017-07-12,1 BTC = 2052.97000000€,-7.48%
2017-07-13,1 BTC = 2022.15000000€,-1.52%
2017-07-14,1 BTC = 2090.75000000€,3.28%
2017-07-15,1 BTC = 2053.46000000€,-1.82%
2017-07-16,1 BTC = 1940.75000000€,-5.81%
2017-07-17,1 BTC = 1725.15000000€,-12.5%
2017-07-18,1 BTC = 1670.64000000€,-3.26%
2017-07-19,1 BTC = 1934.48000000€,13.64%
2017-07-20,1 BTC = 2011.31000000€,3.82%
2017-07-21,1 BTC = 1968.05000000€,-2.2%
2017-07-22,1 BTC = 2436.04000000€,19.21%
2017-07-23,1 BTC = 2295.68000000€,-6.11%
2017-07-24,1 BTC = 2424.40000000€,5.31%
2017-07-25,1 BTC = 2363.29000000€,-2.59%
2017-07-26,1 BTC = 2378.55000000€,0.64%
2017-07-27,1 BTC = 2214.34000000€,-7.42%
2017-07-28,1 BTC = 2184.32000000€,-1.37%
2017-07-29,1 BTC = 2294.55000000€,4.8%
2017-07-30,1 BTC = 2381.08000000€,3.63%
2017-07-31,1 BTC = 2318.37000000€,-2.7%
2017-08-01,1 BTC = 2369.13000000€,2.14%
2017-08-02,1 BTC = 2467.06000000€,3.97%
2017-08-03,1 BTC = 2328.56000000€,-5.95%
2017-08-04,1 BTC = 2283.06000000€,-1.99%
2017-08-05,1 BTC = 2373.92000000€,3.83%
2017-08-06,1 BTC = 2431.35000000€,2.36%
2017-08-07,1 BTC = 2759.23000000€,11.88%
2017-08-08,1 BTC = 2734.11000000€,-0.92%
2017-08-09,1 BTC = 2874.39000000€,4.88%
2017-08-10,1 BTC = 2925.29000000€,1.74%
2017-08-11,1 BTC = 2869.25000000€,-1.95%
2017-08-12,1 BTC = 2916.30000000€,1.61%
2017-08-13,1 BTC = 3110.91000000€,6.26%
2017-08-14,1 BTC = 3289.21000000€,5.42%
2017-08-15,1 BTC = 3458.17000000€,4.89%
2017-08-16,1 BTC = 3681.48000000€,6.07%
2017-08-17,1 BTC = 3546.95000000€,-3.79%
2017-08-18,1 BTC = 3733.59000000€,5%
2017-08-19,1 BTC = 3646.62000000€,-2.38%
2017-08-20,1 BTC = 3530.94000000€,-3.28%
2017-08-21,1 BTC = 3555.68000000€,0.7%
2017-08-22,1 BTC = 3485.58000000€,-2.01%
2017-08-23,1 BTC = 3406.71000000€,-2.32%
2017-08-24,1 BTC = 3500.83000000€,2.69%
2017-08-25,1 BTC = 3541.95000000€,1.16%
2017-08-26,1 BTC = 3686.73000000€,3.93%
2017-08-27,1 BTC = 3681.86000000€,-0.13%
2017-08-28,1 BTC = 3663.49000000€,-0.5%
2017-08-29,1 BTC = 3644.45000000€,-0.52%
2017-08-30,1 BTC = 3671.02000000€,0.72%
2017-08-31,1 BTC = 3820.26000000€,3.91%
2017-09-01,1 BTC = 3839.76000000€,0.51%
2017-09-02,1 BTC = 3983.95000000€,3.62%
2017-09-03,1 BTC = 4145.42000000€,3.9%
2017-09-04,1 BTC = 3893.78000000€,-6.46%
2017-09-05,1 BTC = 3924.31000000€,0.78%
2017-09-06,1 BTC = 3672.46000000€,-6.86%
2017-09-07,1 BTC = 3780.82000000€,2.87%
2017-09-08,1 BTC = 3912.34000000€,3.36%
2017-09-09,1 BTC = 3883.01000000€,-0.76%
2017-09-10,1 BTC = 3662.21000000€,-6.03%
2017-09-11,1 BTC = 3635.77000000€,-0.73%
2017-09-12,1 BTC = 3578.29000000€,-1.61%
2017-09-13,1 BTC = 3544.73000000€,-0.95%
2017-09-14,1 BTC = 3492.99000000€,-1.48%
2017-09-15,1 BTC = 3250.09000000€,-7.47%
2017-09-16,1 BTC = 2735.87000000€,-18.8%
2017-09-17,1 BTC = 3157.37000000€,13.35%
2017-09-18,1 BTC = 3125.83000000€,-1.01%
2017-09-19,1 BTC = 3112.56000000€,-0.43%
2017-09-20,1 BTC = 3454.42000000€,9.9%
2017-09-21,1 BTC = 3274.26000000€,-5.5%
2017-09-22,1 BTC = 3264.22000000€,-0.31%
2017-09-23,1 BTC = 3045.85000000€,-7.17%
2017-09-24,1 BTC = 3055.18000000€,0.31%
2017-09-25,1 BTC = 3182.26000000€,3.99%
2017-09-26,1 BTC = 3093.01000000€,-2.89%
2017-09-27,1 BTC = 3316.26000000€,6.73%
2017-09-28,1 BTC = 3284.23000000€,-0.98%
2017-09-29,1 BTC = 3570.58000000€,8.02%
2017-09-30,1 BTC = 3547.04000000€,-0.66%
2017-10-01,1 BTC = 3517.27000000€,-0.85%
2017-10-02,1 BTC = 3666.89000000€,4.08%
2017-10-03,1 BTC = 3697.62000000€,0.83%
2017-10-04,1 BTC = 3743.93000000€,1.24%
2017-10-05,1 BTC = 3678.23000000€,-1.79%
2017-10-06,1 BTC = 3600.86000000€,-2.15%
2017-10-07,1 BTC = 3682.08000000€,2.21%
2017-10-08,1 BTC = 3707.64000000€,0.69%
2017-10-09,1 BTC = 3767.68000000€,1.59%
2017-10-10,1 BTC = 3883.93000000€,2.99%
2017-10-11,1 BTC = 4046.34000000€,4.01%
2017-10-12,1 BTC = 4022.61000000€,-0.59%
2017-10-13,1 BTC = 4061.99000000€,0.97%
2017-10-14,1 BTC = 4546.49000000€,10.66%
2017-10-15,1 BTC = 4746.28000000€,4.21%
2017-10-16,1 BTC = 4884.29000000€,2.83%
2017-10-17,1 BTC = 4780.31000000€,-2.18%
2017-10-18,1 BTC = 4858.88000000€,1.62%
2017-10-19,1 BTC = 4758.56000000€,-2.11%
2017-10-20,1 BTC = 4754.53000000€,-0.08%
2017-10-21,1 BTC = 4808.71000000€,1.13%
2017-10-22,1 BTC = 5065.72000000€,5.07%
2017-10-23,1 BTC = 5127.37000000€,1.2%
2017-10-24,1 BTC = 5100.86000000€,-0.52%
2017-10-25,1 BTC = 5006.49000000€,-1.88%
2017-10-26,1 BTC = 4754.15000000€,-5.31%
2017-10-27,1 BTC = 4895.13000000€,2.88%
2017-10-28,1 BTC = 5071.09000000€,3.47%
2017-10-29,1 BTC = 5004.47000000€,-1.33%
2017-10-30,1 BTC = 4975.19000000€,-0.59%
2017-10-31,1 BTC = 5275.75000000€,5.7%
2017-11-01,1 BTC = 5288.64000000€,0.24%
2017-11-02,1 BTC = 5540.38000000€,4.54%
2017-11-03,1 BTC = 5870.89000000€,5.63%
2017-11-04,1 BTC = 6077.35000000€,3.4%
2017-11-05,1 BTC = 6248.98000000€,2.75%
2017-11-06,1 BTC = 6384.05000000€,2.12%
2017-11-07,1 BTC = 6415.64000000€,0.49%
2017-11-08,1 BTC = 6048.21000000€,-6.08%
2017-11-09,1 BTC = 6178.49000000€,2.11%
2017-11-10,1 BTC = 6479.81000000€,4.65%
2017-11-11,1 BTC = 6191.79000000€,-4.65%
2017-11-12,1 BTC = 5710.94000000€,-8.42%
2017-11-13,1 BTC = 5487.15000000€,-4.08%
2017-11-14,1 BTC = 5079.19000000€,-8.03%
2017-11-15,1 BTC = 5662.26000000€,10.3%
2017-11-16,1 BTC = 5680.15000000€,0.31%
2017-11-17,1 BTC = 6253.78000000€,9.17%
2017-11-18,1 BTC = 6645.07000000€,5.89%
2017-11-19,1 BTC = 6560.64000000€,-1.29%
2017-11-20,1 BTC = 6602.55000000€,0.63%
2017-11-21,1 BTC = 6793.29000000€,2.81%
2017-11-22,1 BTC = 7001.29000000€,2.97%
2017-11-23,1 BTC = 6930.79000000€,-1.02%
2017-11-24,1 BTC = 7010.18000000€,1.13%
2017-11-25,1 BTC = 6811.82000000€,-2.91%
2017-11-26,1 BTC = 6909.83000000€,1.42%
2017-11-27,1 BTC = 7273.52000000€,5%
2017-11-28,1 BTC = 7699.62000000€,5.53%
2017-11-29,1 BTC = 8107.03000000€,5.03%
2017-11-30,1 BTC = 8311.49000000€,2.46%
2017-12-01,1 BTC = 8438.79000000€,1.51%
2017-12-02,1 BTC = 8564.24000000€,1.46%
2017-12-03,1 BTC = 9176.17000000€,6.67%
2017-12-04,1 BTC = 9250.96000000€,0.81%
2017-12-05,1 BTC = 9513.85000000€,2.76%
2017-12-06,1 BTC = 9755.30000000€,2.48%
2017-12-07,1 BTC = 9942.29000000€,1.88%
2017-12-08,1 BTC = 11795.53000000€,15.71%
2017-12-09,1 BTC = 15046.27000000€,21.6%
2017-12-10,1 BTC = 13503.35000000€,-11.43%
2017-12-11,1 BTC = 12697.71000000€,-6.34%
2017-12-12,1 BTC = 12669.29000000€,-0.22%
2017-12-13,1 BTC = 13863.96000000€,8.62%
2017-12-14,1 BTC = 14196.48000000€,2.34%
2017-12-15,1 BTC = 13651.18000000€,-3.99%
2017-12-16,1 BTC = 13832.48000000€,1.31%
2017-12-17,1 BTC = 14879.76000000€,7.04%
2017-12-18,1 BTC = 16376.30000000€,9.14%
2017-12-19,1 BTC = 15992.81000000€,-2.4%
2017-12-20,1 BTC = 15992.44000000€,0%
2017-12-21,1 BTC = 14992.29000000€,-6.67%
2017-12-22,1 BTC = 13961.36000000€,-7.38%
2017-12-23,1 BTC = 13009.24000000€,-7.32%
2017-12-24,1 BTC = 11867.06000000€,-9.62%
2017-12-25,1 BTC = 12503.76000000€,5.09%
2017-12-26,1 BTC = 11887.31000000€,-5.19%
2017-12-27,1 BTC = 11733.82000000€,-1.31%
2017-12-28,1 BTC = 13259.28000000€,11.5%
2017-12-29,1 BTC = 13087.45000000€,-1.31%
2017-12-30,1 BTC = 12264.02000000€,-6.71%
2017-12-31,1 BTC = 12247.68000000€,-0.13%
2018-01-01,1 BTC = 10654.40000000€,-14.95%
2018-01-02,1 BTC = 11850.31000000€,10.09%
2018-01-03,1 BTC = 11391.39000000€,-4.03%
2018-01-04,1 BTC = 12319.79000000€,7.54%
2018-01-05,1 BTC = 12786.04000000€,3.65%
2018-01-06,1 BTC = 12725.41000000€,-0.48%
2018-01-07,1 BTC = 14183.30000000€,10.28%
2018-01-08,1 BTC = 14338.58000000€,1.08%
2018-01-09,1 BTC = 13490.26000000€,-6.29%
2018-01-10,1 BTC = 12618.13000000€,-6.91%
2018-01-11,1 BTC = 12125.31000000€,-4.06%
2018-01-12,1 BTC = 12427.96000000€,2.44%
2018-01-13,1 BTC = 11144.19000000€,-11.52%
2018-01-14,1 BTC = 11497.98000000€,3.08%
2018-01-15,1 BTC = 11797.41000000€,2.54%
2018-01-16,1 BTC = 11300.22000000€,-4.4%
2018-01-17,1 BTC = 11192.51000000€,-0.96%
2018-01-18,1 BTC = 9306.21000000€,-20.27%
2018-01-19,1 BTC = 9206.16000000€,-1.09%
2018-01-20,1 BTC = 9325.40000000€,1.28%
2018-01-21,1 BTC = 9555.89000000€,2.41%
2018-01-22,1 BTC = 10538.09000000€,9.32%
2018-01-23,1 BTC = 9522.45000000€,-10.67%
2018-01-24,1 BTC = 8869.76000000€,-7.36%
2018-01-25,1 BTC = 8838.04000000€,-0.36%
2018-01-26,1 BTC = 9231.54000000€,4.26%
2018-01-27,1 BTC = 8976.46000000€,-2.84%
2018-01-28,1 BTC = 9190.63000000€,2.33%
2018-01-29,1 BTC = 9401.97000000€,2.25%
2018-01-30,1 BTC = 9030.15000000€,-4.12%
2018-01-31,1 BTC = 8097.68000000€,-11.52%
2018-02-01,1 BTC = 8153.29000000€,0.68%
2018-02-02,1 BTC = 7179.62000000€,-13.56%
2018-02-03,1 BTC = 7097.12000000€,-1.16%
2018-02-04,1 BTC = 7424.29000000€,4.41%
2018-02-05,1 BTC = 6544.21000000€,-13.45%
2018-02-06,1 BTC = 5824.67000000€,-12.35%
2018-02-07,1 BTC = 5759.53000000€,-1.13%
2018-02-08,1 BTC = 6722.05000000€,14.32%
2018-02-09,1 BTC = 6755.16000000€,0.49%
2018-02-10,1 BTC = 7072.46000000€,4.49%
2018-02-11,1 BTC = 6850.15000000€,-3.25%
2018-02-12,1 BTC = 6603.70000000€,-3.73%
2018-02-13,1 BTC = 7108.61000000€,7.1%
2018-02-14,1 BTC = 7286.13000000€,2.44%
2018-02-15,1 BTC = 7570.40000000€,3.76%
2018-02-16,1 BTC = 8139.95000000€,7%
2018-02-17,1 BTC = 8246.05000000€,1.29%
2018-02-18,1 BTC = 8680.27000000€,5%
2018-02-19,1 BTC = 8628.54000000€,-0.6%
2018-02-20,1 BTC = 9010.46000000€,4.24%
2018-02-21,1 BTC = 9380.20000000€,3.94%
2018-02-22,1 BTC = 9208.32000000€,-1.87%
2018-02-23,1 BTC = 8499.69000000€,-8.34%
2018-02-24,1 BTC = 8267.72000000€,-2.81%
2018-02-25,1 BTC = 7870.50000000€,-5.05%
2018-02-26,1 BTC = 7926.90000000€,0.71%
2018-02-27,1 BTC = 8414.86000000€,5.8%
2018-02-28,1 BTC = 8680.73000000€,3.06%
2018-03-01,1 BTC = 8590.41000000€,-1.05%
2018-03-02,1 BTC = 8828.13000000€,2.69%
2018-03-03,1 BTC = 8785.39000000€,-0.49%
2018-03-04,1 BTC = 9233.41000000€,4.85%
2018-03-05,1 BTC = 9271.28000000€,0.41%
2018-03-06,1 BTC = 9348.23000000€,0.82%
2018-03-07,1 BTC = 9367.16000000€,0.2%
2018-03-08,1 BTC = 7876.00000000€,-18.93%
2018-03-09,1 BTC = 8048.12000000€,2.14%
2018-03-10,1 BTC = 7407.65000000€,-8.65%
2018-03-11,1 BTC = 7143.93000000€,-3.69%
2018-03-12,1 BTC = 7746.76000000€,7.78%
2018-03-13,1 BTC = 7503.78000000€,-3.24%
2018-03-14,1 BTC = 7428.85000000€,-1.01%
2018-03-15,1 BTC = 6748.12000000€,-10.09%
2018-03-16,1 BTC = 6703.71000000€,-0.66%
2018-03-17,1 BTC = 6632.60000000€,-1.07%
2018-03-18,1 BTC = 6405.55000000€,-3.54%
2018-03-19,1 BTC = 6274.17000000€,-2.09%
2018-03-20,1 BTC = 6956.04000000€,9.8%
2018-03-21,1 BTC = 7284.42000000€,4.51%
2018-03-22,1 BTC = 7212.82000000€,-0.99%
2018-03-23,1 BTC = 7123.52000000€,-1.25%
2018-03-24,1 BTC = 7066.70000000€,-0.8%
2018-03-25,1 BTC = 6991.23000000€,-1.08%
2018-03-26,1 BTC = 6866.70000000€,-1.81%
2018-03-27,1 BTC = 6824.98000000€,-0.61%
2018-03-28,1 BTC = 6525.49000000€,-4.59%
2018-03-29,1 BTC = 6482.10000000€,-0.67%
2018-03-30,1 BTC = 5746.79000000€,-12.8%
2018-03-31,1 BTC = 5540.98000000€,-3.71%
2018-04-01,1 BTC = 5611.24000000€,1.25%
